session,mouse,trial_id,sample_duration_s,delay_duration_s,delay_group,outcome_code,used_for_mode_fitting,used_for_plotted_curves
RGT64_20250417,RGT64,1,1.3,2,1,2,1,0
RGT64_20250417,RGT64,2,1.3,2,1,2,1,0
RGT64_20250417,RGT64,3,1.3,2,1,1,1,1
RGT64_20250417,RGT64,4,1.3,2,1,1,1,1
RGT64_20250417,RGT64,5,1.3,2,1,1,1,1
RGT64_20250417,RGT64,6,1.3,2,1,4,1,1
RGT64_20250417,RGT64,7,1.3,2,1,5,1,0
RGT64_20250417,RGT64,8,1.3,2,1,1,1,1
RGT64_20250417,RGT64,9,1.3,2,1,2,1,0
RGT64_20250417,RGT64,10,1.3,2,1,4,1,1
RGT64_20250417,RGT64,11,1.3,2,1,4,1,1
RGT64_20250417,RGT64,12,1.3,2,1,2,1,0
RGT64_20250417,RGT64,13,1.3,2,1,2,1,0
RGT64_20250417,RGT64,14,1.3,2,1,1,1,1
RGT64_20250417,RGT64,15,1.3,2,1,4,1,1
RGT64_20250417,RGT64,16,1.3,2,1,1,1,1
RGT64_20250417,RGT64,17,1.3,2,1,1,1,1
RGT64_20250417,RGT64,18,1.3,2,1,4,1,1
RGT64_20250417,RGT64,19,1.3,2,1,5,1,0
RGT64_20250417,RGT64,20,1.3,2,1,5,1,0
RGT64_20250417,RGT64,21,1.3,2,1,1,1,1
RGT64_20250417,RGT64,22,1.3,2,1,1,1,1
RGT64_20250417,RGT64,23,1.3,2,1,1,1,1
RGT64_20250417,RGT64,24,1.3,2,1,5,1,0
RGT64_20250417,RGT64,25,1.3,2,1,4,1,1
RGT64_20250417,RGT64,26,1.3,2,1,5,1,0
RGT64_20250417,RGT64,27,1.3,2,1,1,1,1
RGT64_20250417,RGT64,28,1.3,2,1,4,1,1
RGT64_20250417,RGT64,29,1.3,2,1,4,1,1
RGT64_20250417,RGT64,30,1.3,2,1,2,1,0
RGT64_20250417,RGT64,31,1.3,2,1,4,1,1
RGT64_20250417,RGT64,32,1.3,2,1,1,1,1
RGT64_20250417,RGT64,33,1.3,2,1,4,1,1
RGT64_20250417,RGT64,34,1.3,2,1,1,1,1
RGT64_20250417,RGT64,35,1.3,2,1,1,1,1
RGT64_20250417,RGT64,36,1.3,2,1,4,1,1
RGT64_20250417,RGT64,37,1.3,2,1,4,1,1
RGT64_20250417,RGT64,38,1.3,2,1,4,1,1
RGT64_20250417,RGT64,39,1.3,2,1,1,1,1
RGT64_20250417,RGT64,40,1.3,2,1,1,1,1
RGT64_20250417,RGT64,41,1.3,2,1,1,1,1
RGT64_20250417,RGT64,42,1.3,2,1,4,1,1
RGT64_20250417,RGT64,43,1.3,2,1,1,1,1
RGT64_20250417,RGT64,44,1.3,2,1,4,1,1
RGT64_20250417,RGT64,45,1.3,2,1,4,1,1
RGT64_20250417,RGT64,46,1.3,2,1,4,1,1
RGT64_20250417,RGT64,47,1.3,2,1,1,1,1
RGT64_20250417,RGT64,48,1.3,2,1,4,1,1
RGT64_20250417,RGT64,49,1.3,2,1,1,1,1
RGT64_20250417,RGT64,50,1.3,2,1,1,1,1
RGT64_20250417,RGT64,51,1.3,2,1,1,1,1
RGT64_20250417,RGT64,52,1.3,2,1,4,1,1
RGT64_20250417,RGT64,53,1.3,2,1,1,1,1
RGT64_20250417,RGT64,54,1.3,2,1,4,1,1
RGT64_20250417,RGT64,55,1.3,2,1,4,1,1
RGT64_20250417,RGT64,56,1.3,2,1,2,1,0
RGT64_20250417,RGT64,57,1.3,2,1,1,1,1
RGT64_20250417,RGT64,58,1.3,2,1,4,1,1
RGT64_20250417,RGT64,59,1.3,2,1,4,1,1
RGT64_20250417,RGT64,60,1.3,2,1,4,1,1
RGT64_20250417,RGT64,61,1.3,2,1,2,1,0
RGT64_20250417,RGT64,62,1.3,2,1,2,1,0
RGT64_20250417,RGT64,63,1.3,2,1,1,1,1
RGT64_20250417,RGT64,64,1.3,2,1,4,1,1
RGT64_20250417,RGT64,65,1.3,2,1,2,1,0
RGT64_20250417,RGT64,66,1.3,2,1,1,1,1
RGT64_20250417,RGT64,67,1.3,2,1,2,1,0
RGT64_20250417,RGT64,68,1.3,2,1,4,1,1
RGT64_20250417,RGT64,69,1.3,2,1,2,1,0
RGT64_20250417,RGT64,70,1.3,2,1,1,1,1
RGT64_20250417,RGT64,71,1.3,2,1,1,1,1
RGT64_20250417,RGT64,72,1.3,2,1,4,1,1
RGT64_20250417,RGT64,73,1.3,2,1,1,1,1
RGT64_20250417,RGT64,74,1.3,2,1,4,1,1
RGT64_20250417,RGT64,75,1.3,2,1,6,0,0
RGT64_20250417,RGT64,76,1.3,2,1,4,1,1
RGT64_20250417,RGT64,77,1.3,2,1,1,1,1
RGT64_20250417,RGT64,78,1.3,2,1,4,1,1
RGT64_20250417,RGT64,79,1.3,2,1,2,1,0
RGT64_20250417,RGT64,80,1.3,2,1,2,1,0
RGT64_20250417,RGT64,81,1.3,2,1,5,1,0
RGT64_20250417,RGT64,82,1.3,2,1,4,1,1
RGT64_20250417,RGT64,83,1.3,2,1,1,1,1
RGT64_20250417,RGT64,84,1.3,2,1,2,1,0
RGT64_20250417,RGT64,85,1.3,2,1,4,1,1
RGT64_20250417,RGT64,86,1.3,2,1,2,1,0
RGT64_20250417,RGT64,87,1.3,2,1,2,1,0
RGT64_20250417,RGT64,88,1.3,2,1,2,1,0
RGT64_20250417,RGT64,89,1.3,2,1,2,1,0
RGT64_20250417,RGT64,90,1.3,2,1,1,1,1
RGT64_20250417,RGT64,91,1.3,2,1,4,1,1
RGT64_20250417,RGT64,92,1.3,2,1,2,1,0
RGT64_20250417,RGT64,93,1.3,2,1,4,1,1
RGT64_20250417,RGT64,94,1.3,2,1,2,1,0
RGT64_20250417,RGT64,95,1.3,2,1,2,1,0
RGT64_20250417,RGT64,96,1.3,2,1,2,1,0
RGT64_20250417,RGT64,97,1.3,2,1,2,1,0
RGT64_20250417,RGT64,98,1.3,2,1,2,1,0
RGT64_20250417,RGT64,99,1.3,2,1,2,1,0
RGT64_20250417,RGT64,100,1.3,2,1,1,1,1
RGT64_20250417,RGT64,101,1.3,2,1,2,1,0
RGT64_20250417,RGT64,102,1.3,2,1,2,1,0
RGT64_20250417,RGT64,103,1.3,2,1,1,1,1
RGT64_20250417,RGT64,104,1.3,2,1,2,1,0
RGT64_20250417,RGT64,105,1.3,2,1,1,1,1
RGT64_20250417,RGT64,106,1.3,2,1,5,1,0
RGT64_20250417,RGT64,107,1.3,2,1,2,1,0
RGT64_20250417,RGT64,108,1.3,2,1,1,1,1
RGT64_20250417,RGT64,109,1.3,2,1,2,1,0
RGT64_20250417,RGT64,110,1.3,2,1,4,1,1
RGT64_20250417,RGT64,111,1.3,2,1,4,1,1
RGT64_20250417,RGT64,112,1.3,2,1,2,1,0
RGT64_20250417,RGT64,113,1.3,1,2,2,1,0
RGT64_20250417,RGT64,114,1.3,1,2,2,1,0
RGT64_20250417,RGT64,115,1.3,1,2,2,1,0
RGT64_20250417,RGT64,116,1.3,1,2,2,1,0
RGT64_20250417,RGT64,117,1.3,1,2,2,1,0
RGT64_20250417,RGT64,118,1.3,1,2,2,1,0
RGT64_20250417,RGT64,119,1.3,1,2,1,1,1
RGT64_20250417,RGT64,120,1.3,1,2,4,1,1
RGT64_20250417,RGT64,121,1.3,1,2,2,1,0
RGT64_20250417,RGT64,122,1.3,1,2,2,1,0
RGT64_20250417,RGT64,123,1.3,1,2,2,1,0
RGT64_20250417,RGT64,124,1.3,1,2,2,1,0
RGT64_20250417,RGT64,125,1.3,1,2,1,1,1
RGT64_20250417,RGT64,126,1.3,1,2,4,1,1
RGT64_20250417,RGT64,127,1.3,1,2,2,1,0
RGT64_20250417,RGT64,128,1.3,1,2,2,1,0
RGT64_20250417,RGT64,129,1.3,1,2,4,1,1
RGT64_20250417,RGT64,130,1.3,1,2,2,1,0
RGT64_20250417,RGT64,131,1.3,1,2,2,1,0
RGT64_20250417,RGT64,132,1.3,1,2,2,1,0
RGT64_20250417,RGT64,133,1.3,1,2,2,1,0
RGT64_20250417,RGT64,134,1.3,1,2,1,1,1
RGT64_20250417,RGT64,135,1.3,1,2,4,1,1
RGT64_20250417,RGT64,136,1.3,1,2,2,1,0
RGT64_20250417,RGT64,137,1.3,1,2,2,1,0
RGT64_20250417,RGT64,138,1.3,1,2,4,1,1
RGT64_20250417,RGT64,139,1.3,1,2,2,1,0
RGT64_20250417,RGT64,140,1.3,1,2,2,1,0
RGT64_20250417,RGT64,141,1.3,1,2,2,1,0
RGT64_20250417,RGT64,142,1.3,1,2,2,1,0
RGT64_20250417,RGT64,143,1.3,1,2,2,1,0
RGT64_20250417,RGT64,144,1.3,1,2,2,1,0
RGT64_20250417,RGT64,145,1.3,1,2,3,0,0
RGT64_20250417,RGT64,146,1.3,1,2,2,1,0
RGT64_20250417,RGT64,147,1.3,1,2,1,1,1
RGT64_20250417,RGT64,148,1.3,1,2,2,1,0
RGT64_20250417,RGT64,149,1.3,1,2,1,1,1
RGT64_20250417,RGT64,150,1.3,1,2,2,1,0
RGT64_20250417,RGT64,151,1.3,1,2,1,1,1
RGT64_20250417,RGT64,152,1.3,1,2,4,1,1
RGT64_20250417,RGT64,153,1.3,1,2,2,1,0
RGT64_20250417,RGT64,154,1.3,1,2,2,1,0
RGT64_20250417,RGT64,155,1.3,1,2,2,1,0
RGT64_20250417,RGT64,156,1.3,1,2,2,1,0
RGT64_20250417,RGT64,157,1.3,1,2,1,1,1
RGT64_20250417,RGT64,158,1.3,1,2,2,1,0
RGT64_20250417,RGT64,159,1.3,1,2,1,1,1
RGT64_20250417,RGT64,160,1.3,1,2,2,1,0
RGT64_20250417,RGT64,161,1.3,1,2,2,1,0
RGT64_20250417,RGT64,162,1.3,1,2,1,1,1
RGT64_20250417,RGT64,163,1.3,1,2,4,1,1
RGT64_20250417,RGT64,164,1.3,1,2,1,1,1
RGT64_20250417,RGT64,165,1.3,1,2,6,0,0
RGT64_20250417,RGT64,166,1.3,1,2,1,1,1
RGT64_20250417,RGT64,167,1.3,1,2,2,1,0
RGT64_20250417,RGT64,168,1.3,1,2,4,1,1
RGT64_20250417,RGT64,169,1.3,1,2,4,1,1
RGT64_20250417,RGT64,170,1.3,1,2,2,1,0
RGT64_20250417,RGT64,171,1.3,1,2,6,0,0
RGT64_20250417,RGT64,172,1.3,1,2,2,1,0
RGT64_20250417,RGT64,173,1.3,1,2,2,1,0
RGT64_20250417,RGT64,174,1.3,1,2,2,1,0
RGT64_20250417,RGT64,175,1.3,1,2,1,1,1
RGT64_20250417,RGT64,176,1.3,1,2,4,1,1
RGT64_20250417,RGT64,177,1.3,1,2,6,0,0
RGT64_20250417,RGT64,178,1.3,1,2,2,1,0
RGT64_20250417,RGT64,179,1.3,1,2,1,1,1
RGT64_20250417,RGT64,180,1.3,1,2,2,1,0
RGT64_20250417,RGT64,181,1.3,1,2,4,1,1
RGT64_20250417,RGT64,182,1.3,1,2,2,1,0
RGT64_20250417,RGT64,183,1.3,1,2,2,1,0
RGT64_20250417,RGT64,184,1.3,1,2,2,1,0
RGT64_20250417,RGT64,185,1.3,1,2,2,1,0
RGT64_20250417,RGT64,186,1.3,1,2,1,1,1
RGT64_20250417,RGT64,187,1.3,1,2,1,1,1
RGT64_20250417,RGT64,188,1.3,1,2,1,1,1
RGT64_20250417,RGT64,189,1.3,1,2,4,1,1
RGT64_20250417,RGT64,190,1.3,1,2,2,1,0
RGT64_20250417,RGT64,191,1.3,1,2,1,1,1
RGT64_20250417,RGT64,192,1.3,1,2,2,1,0
RGT64_20250417,RGT64,193,1.3,1,2,4,1,1
RGT64_20250417,RGT64,194,1.3,1,2,2,1,0
RGT64_20250417,RGT64,195,1.3,1,2,5,1,0
RGT64_20250417,RGT64,196,1.3,1,2,4,1,1
RGT64_20250417,RGT64,197,1.3,1,2,4,1,1
RGT64_20250417,RGT64,198,1.3,1,2,2,1,0
RGT64_20250417,RGT64,199,1.3,1,2,1,1,1
RGT64_20250417,RGT64,200,1.3,1,2,2,1,0
RGT64_20250417,RGT64,201,1.3,1,2,4,1,1
RGT64_20250417,RGT64,202,1.3,1,2,2,1,0
RGT64_20250417,RGT64,203,1.3,1,2,1,1,1
RGT64_20250417,RGT64,204,1.3,1,2,1,1,1
RGT64_20250417,RGT64,205,1.3,1,2,6,0,0
RGT64_20250417,RGT64,206,1.3,1,2,4,1,1
RGT64_20250417,RGT64,207,1.3,1,2,2,1,0
RGT64_20250417,RGT64,208,1.3,1,2,2,1,0
RGT64_20250417,RGT64,209,1.3,1,2,2,1,0
RGT64_20250417,RGT64,210,1.3,1,2,2,1,0
RGT64_20250417,RGT64,211,1.3,1,2,1,1,1
RGT64_20250417,RGT64,212,1.3,1,2,4,1,1
RGT64_20250417,RGT64,213,1.3,1,2,4,1,1
RGT64_20250417,RGT64,214,1.3,1,2,2,1,0
RGT64_20250417,RGT64,215,1.3,1,2,2,1,0
RGT64_20250417,RGT64,216,1.3,1,2,1,1,1
RGT64_20250417,RGT64,217,1.3,1,2,4,1,1
RGT64_20250417,RGT64,218,1.3,1,2,1,1,1
RGT64_20250417,RGT64,219,1.3,1,2,2,1,0
RGT64_20250417,RGT64,220,1.3,1,2,2,1,0
RGT64_20250417,RGT64,221,1.3,1,2,4,1,1
RGT64_20250417,RGT64,222,1.3,1,2,2,1,0
RGT64_20250417,RGT64,223,1.3,1,2,1,1,1
RGT64_20250417,RGT64,224,1.3,1,2,6,0,0
RGT64_20250417,RGT64,225,1.3,1,2,1,1,1
RGT64_20250417,RGT64,226,1.3,1,2,1,1,1
RGT64_20250417,RGT64,227,1.3,1,2,1,1,1
RGT64_20250417,RGT64,228,1.3,1,2,4,1,1
RGT64_20250417,RGT64,229,1.3,1,2,2,1,0
RGT64_20250417,RGT64,230,1.3,1,2,3,0,0
RGT64_20250417,RGT64,231,1.3,1,2,5,1,0
RGT64_20250417,RGT64,232,1.3,1,2,1,1,1
RGT64_20250417,RGT64,233,1.3,1,2,2,1,0
RGT64_20250417,RGT64,234,1.3,1,2,4,1,1
RGT64_20250417,RGT64,235,1.3,1,2,4,1,1
RGT64_20250417,RGT64,236,1.3,1,2,1,1,1
RGT64_20250417,RGT64,237,1.3,1,2,2,1,0
RGT64_20250417,RGT64,238,1.3,1,2,1,1,1
RGT64_20250417,RGT64,239,1.3,1,2,5,1,0
RGT64_20250417,RGT64,240,1.3,1,2,1,1,1
RGT64_20250417,RGT64,241,1.3,1,2,5,1,0
RGT64_20250417,RGT64,242,1.3,0.999999999999999,2,3,0,0
RGT64_20250417,RGT64,243,1.3,1,2,5,1,0
RGT64_20250417,RGT64,244,1.3,1,2,5,1,0
RGT64_20250417,RGT64,245,1.3,1,2,4,1,1
RGT64_20250417,RGT64,246,1.3,1,2,2,1,0
RGT64_20250417,RGT64,247,1.3,1,2,4,1,1
RGT64_20250417,RGT64,248,1.3,1,2,2,1,0
RGT64_20250417,RGT64,249,1.3,1,2,1,1,1
RGT64_20250417,RGT64,250,1.3,1,2,5,1,0
RGT64_20250417,RGT64,251,1.3,1,2,4,1,1
RGT64_20250417,RGT64,252,1.3,1,2,2,1,0
RGT64_20250417,RGT64,253,1.3,1,2,4,1,1
RGT64_20250417,RGT64,254,1.3,1,2,2,1,0
RGT64_20250417,RGT64,255,1.3,1,2,4,1,1
RGT64_20250417,RGT64,256,1.3,1,2,4,1,1
RGT64_20250417,RGT64,257,1.3,1,2,4,1,1
RGT64_20250417,RGT64,258,1.3,1,2,2,1,0
RGT64_20250417,RGT64,259,1.3,1,2,2,1,0
RGT64_20250417,RGT64,260,1.3,1,2,2,1,0
RGT64_20250417,RGT64,261,1.3,1,2,1,1,1
RGT64_20250417,RGT64,262,1.3,1,2,2,1,0
RGT64_20250417,RGT64,263,1.3,1,2,2,1,0
RGT64_20250417,RGT64,264,1.3,1,2,4,1,1
RGT64_20250417,RGT64,265,1.3,1,2,4,1,1
RGT64_20250417,RGT64,266,1.3,1,2,4,1,1
RGT64_20250417,RGT64,267,1.3,1,2,2,1,0
RGT64_20250417,RGT64,268,1.3,1,2,2,1,0
RGT64_20250417,RGT64,269,1.3,1,2,1,1,1
RGT64_20250417,RGT64,270,1.3,1,2,4,1,1
RGT64_20250417,RGT64,271,1.3,1,2,4,1,1
RGT64_20250417,RGT64,272,1.3,1,2,1,1,1
RGT64_20250417,RGT64,273,1.3,1,2,4,1,1
RGT64_20250417,RGT64,274,1.3,1,2,2,1,0
RGT64_20250417,RGT64,275,1.3,1,2,4,1,1
RGT64_20250417,RGT64,276,1.3,1,2,1,1,1
RGT64_20250417,RGT64,277,1.3,1,2,1,1,1
RGT64_20250417,RGT64,278,1.3,1,2,2,1,0
RGT64_20250417,RGT64,279,1.3,1,2,2,1,0
RGT64_20250417,RGT64,280,1.3,1,2,4,1,1
RGT64_20250417,RGT64,281,1.3,1,2,2,1,0
RGT64_20250417,RGT64,282,1.3,1,2,2,1,0
RGT64_20250417,RGT64,283,1.3,1,2,2,1,0
RGT64_20250417,RGT64,284,1.3,1,2,2,1,0
RGT64_20250417,RGT64,285,1.3,1,2,2,1,0
RGT64_20250417,RGT64,286,1.3,1,2,2,1,0
RGT64_20250417,RGT64,287,1.3,1,2,1,1,1
RGT64_20250417,RGT64,288,1.3,1,2,5,1,0
RGT64_20250417,RGT64,289,1.3,1,2,2,1,0
RGT64_20250417,RGT64,290,1.3,1,2,5,1,0
RGT64_20250417,RGT64,291,1.3,1,2,5,1,0
RGT64_20250417,RGT64,292,1.3,1,2,4,1,1
RGT64_20250417,RGT64,293,1.3,1,2,2,1,0
RGT64_20250417,RGT64,294,1.3,1,2,1,1,1
RGT64_20250417,RGT64,295,1.3,1,2,2,1,0
RGT64_20250417,RGT64,296,1.3,1,2,4,1,1
RGT64_20250417,RGT64,297,1.3,1,2,5,1,0
RGT64_20250417,RGT64,298,1.3,1,2,6,0,0
RGT64_20250417,RGT64,299,1.3,1,2,2,1,0
RGT64_20250417,RGT64,300,1.3,1,2,4,1,1
RGT64_20250417,RGT64,301,1.3,1,2,1,1,1
RGT64_20250417,RGT64,302,1.3,1,2,2,1,0
RGT64_20250417,RGT64,303,1.3,1,2,2,1,0
RGT64_20250417,RGT64,304,1.3,1,2,1,1,1
RGT64_20250417,RGT64,305,1.3,1,2,1,1,1
RGT64_20250417,RGT64,306,1.3,1,2,4,1,1
RGT64_20250417,RGT64,307,1.3,1,2,2,1,0
RGT64_20250417,RGT64,308,1.3,1,2,2,1,0
RGT64_20250417,RGT64,309,1.3,1,2,1,1,1
RGT64_20250417,RGT64,310,1.3,1,2,1,1,1
RGT64_20250417,RGT64,311,1.3,1,2,2,1,0
RGT64_20250417,RGT64,312,1.3,1,2,2,1,0
RGT64_20250417,RGT64,313,1.3,1,2,4,1,1
RGT64_20250417,RGT64,314,1.3,1,2,4,1,1
RGT64_20250417,RGT64,315,1.3,1,2,2,1,0
RGT64_20250417,RGT64,316,1.3,1,2,2,1,0
RGT64_20250417,RGT64,317,1.3,1,2,2,1,0
RGT64_20250417,RGT64,318,1.3,1,2,2,1,0
RGT64_20250417,RGT64,319,1.3,1,2,2,1,0
RGT64_20250417,RGT64,320,1.3,1,2,1,1,1
RGT64_20250417,RGT64,321,1.3,1,2,4,1,1
RGT64_20250417,RGT64,322,1.3,1,2,1,1,1
RGT64_20250417,RGT64,323,1.3,1,2,4,1,1
RGT64_20250417,RGT64,324,1.3,1,2,1,1,1
RGT64_20250417,RGT64,325,1.3,1,2,1,1,1
RGT64_20250417,RGT64,326,1.3,1,2,1,1,1
RGT64_20250417,RGT64,327,1.3,1,2,4,1,1
RGT64_20250417,RGT64,328,1.3,1,2,2,1,0
RGT64_20250417,RGT64,329,1.3,1,2,4,1,1
RGT64_20250417,RGT64,330,1.3,1,2,2,1,0
RGT64_20250417,RGT64,331,1.3,1,2,1,1,1
RGT64_20250417,RGT64,332,1.3,1,2,1,1,1
RGT64_20250417,RGT64,333,1.3,1,2,6,0,0
RGT64_20250417,RGT64,334,1.3,1,2,4,1,1
RGT64_20250417,RGT64,335,1.3,1,2,5,1,0
RGT64_20250417,RGT64,336,1.3,1,2,2,1,0
RGT64_20250417,RGT64,337,1.3,1,2,4,1,1
RGT64_20250417,RGT64,338,1.3,1,2,1,1,1
RGT64_20250417,RGT64,339,1.3,1,2,1,1,1
RGT64_20250417,RGT64,340,1.3,1,2,5,1,0
RGT64_20250417,RGT64,341,1.3,1,2,1,1,1
RGT64_20250417,RGT64,342,1.3,1,2,5,1,0
RGT64_20250417,RGT64,343,1.3,1,2,5,1,0
RGT64_20250417,RGT64,344,1.3,1,2,5,1,0
RGT64_20250417,RGT64,345,1.3,1,2,5,1,0
RGT64_20250417,RGT64,346,1.3,1,2,4,1,1
RGT64_20250417,RGT64,347,1.3,1,2,1,1,1
RGT64_20250417,RGT64,348,1.3,1,2,4,1,1
RGT64_20250417,RGT64,349,1.3,1,2,1,1,1
RGT64_20250417,RGT64,350,1.3,1,2,4,1,1
RGT64_20250417,RGT64,351,1.3,1,2,4,1,1
RGT64_20250417,RGT64,352,1.3,1,2,2,1,0
RGT64_20250417,RGT64,353,1.3,1,2,1,1,1
RGT64_20250417,RGT64,354,1.3,1,2,5,1,0
RGT64_20250417,RGT64,355,1.3,1,2,1,1,1
RGT64_20250417,RGT64,356,1.3,1,2,4,1,1
RGT64_20250417,RGT64,357,1.3,1,2,2,1,0
RGT64_20250417,RGT64,358,1.3,1,2,4,1,1
RGT64_20250417,RGT64,359,1.3,1,2,4,1,1
RGT64_20250417,RGT64,360,1.3,1,2,2,1,0
RGT64_20250417,RGT64,361,1.3,1,2,2,1,0
RGT64_20250417,RGT64,362,1.3,1,2,1,1,1
RGT64_20250417,RGT64,363,1.3,1,2,4,1,1
RGT64_20250417,RGT64,364,1.3,1,2,1,1,1
RGT64_20250417,RGT64,365,1.3,1,2,2,1,0
RGT64_20250417,RGT64,366,1.3,1,2,2,1,0
RGT64_20250417,RGT64,367,1.3,1,2,4,1,1
RGT64_20250417,RGT64,368,1.3,1,2,2,1,0
RGT64_20250417,RGT64,369,1.3,1,2,3,0,0
RGT64_20250417,RGT64,370,1.3,1,2,2,1,0
RGT64_20250417,RGT64,371,1.3,1,2,1,1,1
RGT64_20250417,RGT64,372,1.3,1,2,5,1,0
RGT64_20250417,RGT64,373,1.3,1,2,4,1,1
RGT64_20250417,RGT64,374,1.3,1,2,1,1,1
RGT64_20250417,RGT64,375,1.3,1,2,2,1,0
RGT64_20250417,RGT64,376,1.3,1,2,2,1,0
RGT64_20250417,RGT64,377,1.3,1,2,4,1,1
RGT64_20250417,RGT64,378,1.3,1,2,4,1,1
RGT64_20250417,RGT64,379,1.3,1,2,2,1,0
RGT64_20250417,RGT64,380,1.3,1,2,1,1,1
RGT64_20250417,RGT64,381,1.3,1,2,4,1,1
RGT64_20250417,RGT64,382,1.3,1,2,2,1,0
RGT64_20250417,RGT64,383,1.3,1,2,1,1,1
RGT64_20250417,RGT64,384,1.3,1,2,3,0,0
RGT64_20250417,RGT64,385,1.3,1,2,4,1,1
RGT64_20250417,RGT64,386,1.3,1,2,1,1,1
RGT64_20250417,RGT64,387,1.3,1,2,1,1,1
RGT64_20250417,RGT64,388,1.3,1,2,1,1,1
RGT64_20250417,RGT64,389,1.3,1,2,5,1,0
RGT64_20250417,RGT64,390,1.3,1,2,2,1,0
RGT64_20250417,RGT64,391,1.3,1,2,4,1,1
RGT64_20250417,RGT64,392,1.3,1,2,1,1,1
RGT64_20250417,RGT64,393,1.3,1,2,4,1,1
RGT64_20250417,RGT64,394,1.3,1,2,4,1,1
RGT64_20250417,RGT64,395,1.3,1,2,2,1,0
RGT64_20250417,RGT64,396,1.3,1,2,4,1,1
RGT64_20250417,RGT64,397,1.3,1,2,1,1,1
RGT64_20250417,RGT64,398,1.3,1,2,2,1,0
RGT64_20250417,RGT64,399,1.3,1,2,4,1,1
RGT64_20250417,RGT64,400,1.3,1,2,1,1,1
RGT64_20250417,RGT64,401,1.3,1,2,4,1,1
RGT64_20250417,RGT64,402,1.3,1,2,4,1,1
RGT64_20250417,RGT64,403,1.3,1,2,2,1,0
RGT64_20250417,RGT64,404,1.3,1,2,2,1,0
RGT64_20250417,RGT64,405,1.3,1,2,4,1,1
RGT64_20250417,RGT64,406,1.3,1,2,2,1,0
RGT64_20250417,RGT64,407,1.3,1,2,1,1,1
RGT64_20250417,RGT64,408,1.3,1,2,2,1,0
RGT64_20250417,RGT64,409,1.3,1,2,4,1,1
RGT64_20250417,RGT64,410,1.3,1,2,2,1,0
RGT64_20250417,RGT64,411,1.3,1,2,6,0,0
RGT64_20250417,RGT64,412,1.3,1,2,2,1,0
RGT64_20250417,RGT64,413,1.3,1,2,1,1,1
RGT64_20250417,RGT64,414,1.3,1,2,2,1,0
RGT64_20250417,RGT64,415,1.3,1,2,6,0,0
RGT64_20250418,RGT64,1,1.3,1,2,1,1,1
RGT64_20250418,RGT64,2,1.3,1,2,1,1,1
RGT64_20250418,RGT64,3,1.3,1,2,2,1,0
RGT64_20250418,RGT64,4,1.3,1,2,1,1,1
RGT64_20250418,RGT64,5,1.3,1,2,5,1,0
RGT64_20250418,RGT64,6,1.3,1,2,1,1,1
RGT64_20250418,RGT64,7,1.3,1,2,4,1,1
RGT64_20250418,RGT64,8,1.3,1,2,4,1,1
RGT64_20250418,RGT64,9,1.3,1,2,1,1,1
RGT64_20250418,RGT64,10,1.3,1,2,1,1,1
RGT64_20250418,RGT64,11,1.3,1,2,1,1,1
RGT64_20250418,RGT64,12,1.3,1,2,4,1,1
RGT64_20250418,RGT64,13,1.3,1,2,1,1,1
RGT64_20250418,RGT64,14,1.3,1,2,1,1,1
RGT64_20250418,RGT64,15,1.3,1,2,1,1,1
RGT64_20250418,RGT64,16,1.3,1,2,5,1,0
RGT64_20250418,RGT64,17,1.3,1,2,4,1,1
RGT64_20250418,RGT64,18,1.3,1,2,5,1,0
RGT64_20250418,RGT64,19,1.3,1,2,1,1,1
RGT64_20250418,RGT64,20,1.3,1,2,4,1,1
RGT64_20250418,RGT64,21,1.3,1,2,4,1,1
RGT64_20250418,RGT64,22,1.3,1,2,2,1,0
RGT64_20250418,RGT64,23,1.3,1,2,4,1,1
RGT64_20250418,RGT64,24,1.3,1,2,5,1,0
RGT64_20250418,RGT64,25,1.3,1,2,4,1,1
RGT64_20250418,RGT64,26,1.3,1,2,1,1,1
RGT64_20250418,RGT64,27,1.3,1,2,4,1,1
RGT64_20250418,RGT64,28,1.3,1,2,4,1,1
RGT64_20250418,RGT64,29,1.3,1,2,1,1,1
RGT64_20250418,RGT64,30,1.3,1,2,1,1,1
RGT64_20250418,RGT64,31,1.3,1,2,2,1,0
RGT64_20250418,RGT64,32,1.3,1,2,4,1,1
RGT64_20250418,RGT64,33,1.3,1,2,1,1,1
RGT64_20250418,RGT64,34,1.3,1,2,1,1,1
RGT64_20250418,RGT64,35,1.3,1,2,1,1,1
RGT64_20250418,RGT64,36,1.3,1,2,4,1,1
RGT64_20250418,RGT64,37,1.3,1,2,1,1,1
RGT64_20250418,RGT64,38,1.3,1,2,1,1,1
RGT64_20250418,RGT64,39,1.3,1,2,1,1,1
RGT64_20250418,RGT64,40,1.3,1,2,5,1,0
RGT64_20250418,RGT64,41,1.3,1,2,4,1,1
RGT64_20250418,RGT64,42,1.3,1,2,4,1,1
RGT64_20250418,RGT64,43,1.3,1,2,1,1,1
RGT64_20250418,RGT64,44,1.3,1,2,4,1,1
RGT64_20250418,RGT64,45,1.3,1,2,5,1,0
RGT64_20250418,RGT64,46,1.3,1,2,4,1,1
RGT64_20250418,RGT64,47,1.3,1,2,2,1,0
RGT64_20250418,RGT64,48,1.3,1,2,5,1,0
RGT64_20250418,RGT64,49,1.3,1,2,1,1,1
RGT64_20250418,RGT64,50,1.3,1,2,1,1,1
RGT64_20250418,RGT64,51,1.3,1,2,4,1,1
RGT64_20250418,RGT64,52,1.3,1,2,1,1,1
RGT64_20250418,RGT64,53,1.3,1,2,4,1,1
RGT64_20250418,RGT64,54,1.3,1,2,4,1,1
RGT64_20250418,RGT64,55,1.3,1,2,5,1,0
RGT64_20250418,RGT64,56,1.3,1,2,1,1,1
RGT64_20250418,RGT64,57,1.3,1,2,1,1,1
RGT64_20250418,RGT64,58,1.3,1,2,1,1,1
RGT64_20250418,RGT64,59,1.3,1,2,5,1,0
RGT64_20250418,RGT64,60,1.3,1,2,1,1,1
RGT64_20250418,RGT64,61,1.3,1,2,5,1,0
RGT64_20250418,RGT64,62,1.3,1,2,5,1,0
RGT64_20250418,RGT64,63,1.3,1,2,5,1,0
RGT64_20250418,RGT64,64,1.3,1,2,4,1,1
RGT64_20250418,RGT64,65,1.3,1,2,1,1,1
RGT64_20250418,RGT64,66,1.3,1,2,4,1,1
RGT64_20250418,RGT64,67,1.3,1,2,4,1,1
RGT64_20250418,RGT64,68,1.3,1,2,4,1,1
RGT64_20250418,RGT64,69,1.3,1,2,1,1,1
RGT64_20250418,RGT64,70,1.3,1,2,1,1,1
RGT64_20250418,RGT64,71,1.3,1,2,4,1,1
RGT64_20250418,RGT64,72,1.3,1,2,4,1,1
RGT64_20250418,RGT64,73,1.3,1,2,4,1,1
RGT64_20250418,RGT64,74,1.3,1,2,2,1,0
RGT64_20250418,RGT64,75,1.3,1,2,1,1,1
RGT64_20250418,RGT64,76,1.3,1,2,1,1,1
RGT64_20250418,RGT64,77,1.3,1,2,5,1,0
RGT64_20250418,RGT64,78,1.3,1,2,2,1,0
RGT64_20250418,RGT64,79,1.3,1,2,4,1,1
RGT64_20250418,RGT64,80,1.3,1,2,2,1,0
RGT64_20250418,RGT64,81,1.3,1,2,2,1,0
RGT64_20250418,RGT64,82,1.3,1,2,2,1,0
RGT64_20250418,RGT64,83,1.3,1,2,2,1,0
RGT64_20250418,RGT64,84,1.3,1,2,1,1,1
RGT64_20250418,RGT64,85,1.3,1,2,4,1,1
RGT64_20250418,RGT64,86,1.3,1,2,2,1,0
RGT64_20250418,RGT64,87,1.3,1,2,1,1,1
RGT64_20250418,RGT64,88,1.3,1,2,1,1,1
RGT64_20250418,RGT64,89,1.3,1,2,4,1,1
RGT64_20250418,RGT64,90,1.3,1,2,4,1,1
RGT64_20250418,RGT64,91,1.3,1,2,4,1,1
RGT64_20250418,RGT64,92,1.3,1,2,1,1,1
RGT64_20250418,RGT64,93,1.3,1,2,1,1,1
RGT64_20250418,RGT64,94,1.3,1,2,1,1,1
RGT64_20250418,RGT64,95,1.3,1,2,4,1,1
RGT64_20250418,RGT64,96,1.3,1,2,1,1,1
RGT64_20250418,RGT64,97,1.3,1,2,1,1,1
RGT64_20250418,RGT64,98,1.3,1,2,1,1,1
RGT64_20250418,RGT64,99,1.3,1,2,4,1,1
RGT64_20250418,RGT64,100,1.3,1,2,1,1,1
RGT64_20250418,RGT64,101,1.3,1,2,1,1,1
RGT64_20250418,RGT64,102,1.3,2,1,4,1,1
RGT64_20250418,RGT64,103,1.3,2,1,1,1,1
RGT64_20250418,RGT64,104,1.3,2,1,1,1,1
RGT64_20250418,RGT64,105,1.3,2,1,1,1,1
RGT64_20250418,RGT64,106,1.3,2,1,4,1,1
RGT64_20250418,RGT64,107,1.3,2,1,1,1,1
RGT64_20250418,RGT64,108,1.3,2,1,4,1,1
RGT64_20250418,RGT64,109,1.3,2,1,4,1,1
RGT64_20250418,RGT64,110,1.3,2,1,4,1,1
RGT64_20250418,RGT64,111,1.3,2,1,1,1,1
RGT64_20250418,RGT64,112,1.3,2,1,4,1,1
RGT64_20250418,RGT64,113,1.3,2,1,1,1,1
RGT64_20250418,RGT64,114,1.3,2,1,2,1,0
RGT64_20250418,RGT64,115,1.3,2,1,1,1,1
RGT64_20250418,RGT64,116,1.3,2,1,5,1,0
RGT64_20250418,RGT64,117,1.3,2,1,1,1,1
RGT64_20250418,RGT64,118,1.3,2,1,1,1,1
RGT64_20250418,RGT64,119,1.3,2,1,5,1,0
RGT64_20250418,RGT64,120,1.3,2,1,4,1,1
RGT64_20250418,RGT64,121,1.3,2,1,4,1,1
RGT64_20250418,RGT64,122,1.3,2,1,1,1,1
RGT64_20250418,RGT64,123,1.3,2,1,4,1,1
RGT64_20250418,RGT64,124,1.3,2,1,1,1,1
RGT64_20250418,RGT64,125,1.3,2,1,4,1,1
RGT64_20250418,RGT64,126,1.3,2,1,4,1,1
RGT64_20250418,RGT64,127,1.3,2,1,1,1,1
RGT64_20250418,RGT64,128,1.3,2,1,1,1,1
RGT64_20250418,RGT64,129,1.3,2,1,1,1,1
RGT64_20250418,RGT64,130,1.3,2,1,5,1,0
RGT64_20250418,RGT64,131,1.3,2,1,4,1,1
RGT64_20250418,RGT64,132,1.3,2,1,4,1,1
RGT64_20250418,RGT64,133,1.3,2,1,1,1,1
RGT64_20250418,RGT64,134,1.3,2,1,4,1,1
RGT64_20250418,RGT64,135,1.3,2,1,4,1,1
RGT64_20250418,RGT64,136,1.3,2,1,4,1,1
RGT64_20250418,RGT64,137,1.3,2,1,1,1,1
RGT64_20250418,RGT64,138,1.3,2,1,1,1,1
RGT64_20250418,RGT64,139,1.3,2,1,4,1,1
RGT64_20250418,RGT64,140,1.3,2,1,4,1,1
RGT64_20250418,RGT64,141,1.3,2,1,1,1,1
RGT64_20250418,RGT64,142,1.3,2,1,4,1,1
RGT64_20250418,RGT64,143,1.3,2,1,1,1,1
RGT64_20250418,RGT64,144,1.3,2,1,1,1,1
RGT64_20250418,RGT64,145,1.3,2,1,5,1,0
RGT64_20250418,RGT64,146,1.3,2,1,2,1,0
RGT64_20250418,RGT64,147,1.3,2,1,5,1,0
RGT64_20250418,RGT64,148,1.3,2,1,4,1,1
RGT64_20250418,RGT64,149,1.3,2,1,2,1,0
RGT64_20250418,RGT64,150,1.3,2,1,1,1,1
RGT64_20250418,RGT64,151,1.3,2,1,4,1,1
RGT64_20250418,RGT64,152,1.3,2,1,4,1,1
RGT64_20250418,RGT64,153,1.3,2,1,1,1,1
RGT64_20250418,RGT64,154,1.3,2,1,4,1,1
RGT64_20250418,RGT64,155,1.3,2,1,1,1,1
RGT64_20250418,RGT64,156,1.3,2,1,1,1,1
RGT64_20250418,RGT64,157,1.3,2,1,4,1,1
RGT64_20250418,RGT64,158,1.3,2,1,5,1,0
RGT64_20250418,RGT64,159,1.3,2,1,1,1,1
RGT64_20250418,RGT64,160,1.3,2,1,5,1,0
RGT64_20250418,RGT64,161,1.3,2,1,1,1,1
RGT64_20250418,RGT64,162,1.3,2,1,4,1,1
RGT64_20250418,RGT64,163,1.3,2,1,1,1,1
RGT64_20250418,RGT64,164,1.3,2,1,1,1,1
RGT64_20250418,RGT64,165,1.3,2,1,1,1,1
RGT64_20250418,RGT64,166,1.3,2,1,5,1,0
RGT64_20250418,RGT64,167,1.3,2,1,1,1,1
RGT64_20250418,RGT64,168,1.3,2,1,4,1,1
RGT64_20250418,RGT64,169,1.3,2,1,4,1,1
RGT64_20250418,RGT64,170,1.3,2,1,4,1,1
RGT64_20250418,RGT64,171,1.3,2,1,1,1,1
RGT64_20250418,RGT64,172,1.3,2,1,4,1,1
RGT64_20250418,RGT64,173,1.3,2,1,4,1,1
RGT64_20250418,RGT64,174,1.3,2,1,1,1,1
RGT64_20250418,RGT64,175,1.3,2,1,4,1,1
RGT64_20250418,RGT64,176,1.3,2,1,1,1,1
RGT64_20250418,RGT64,177,1.3,2,1,5,1,0
RGT64_20250418,RGT64,178,1.3,2,1,4,1,1
RGT64_20250418,RGT64,179,1.3,2,1,4,1,1
RGT64_20250418,RGT64,180,1.3,2,1,1,1,1
RGT64_20250418,RGT64,181,1.3,2,1,4,1,1
RGT64_20250418,RGT64,182,1.3,2,1,5,1,0
RGT64_20250418,RGT64,183,1.3,2,1,4,1,1
RGT64_20250418,RGT64,184,1.3,2,1,1,1,1
RGT64_20250418,RGT64,185,1.3,2,1,1,1,1
RGT64_20250418,RGT64,186,1.3,2,1,4,1,1
RGT64_20250418,RGT64,187,1.3,2,1,4,1,1
RGT64_20250418,RGT64,188,1.3,2,1,1,1,1
RGT64_20250418,RGT64,189,1.3,2,1,4,1,1
RGT64_20250418,RGT64,190,1.3,2,1,4,1,1
RGT64_20250418,RGT64,191,1.3,2,1,4,1,1
RGT64_20250418,RGT64,192,1.3,2,1,1,1,1
RGT64_20250418,RGT64,193,1.3,2,1,1,1,1
RGT64_20250418,RGT64,194,1.3,2,1,4,1,1
RGT64_20250418,RGT64,195,1.3,2,1,5,1,0
RGT64_20250418,RGT64,196,1.3,2,1,1,1,1
RGT64_20250418,RGT64,197,1.3,2,1,4,1,1
RGT64_20250418,RGT64,198,1.3,2,1,4,1,1
RGT64_20250418,RGT64,199,1.3,2,1,4,1,1
RGT64_20250418,RGT64,200,1.3,2,1,1,1,1
RGT64_20250418,RGT64,201,1.3,2,1,1,1,1
RGT64_20250418,RGT64,202,1.3,2,1,4,1,1
RGT64_20250418,RGT64,203,1.3,2,1,4,1,1
RGT64_20250418,RGT64,204,1.3,2,1,5,1,0
RGT64_20250418,RGT64,205,1.3,2,1,1,1,1
RGT64_20250418,RGT64,206,1.3,2,1,1,1,1
RGT64_20250418,RGT64,207,1.3,2,1,4,1,1
RGT64_20250418,RGT64,208,1.3,2,1,4,1,1
RGT64_20250418,RGT64,209,1.3,2,1,1,1,1
RGT64_20250418,RGT64,210,1.3,2,1,5,1,0
RGT64_20250418,RGT64,211,1.3,2,1,5,1,0
RGT64_20250418,RGT64,212,1.3,2,1,1,1,1
RGT64_20250418,RGT64,213,1.3,2,1,1,1,1
RGT64_20250418,RGT64,214,1.3,2,1,4,1,1
RGT64_20250418,RGT64,215,1.3,2,1,4,1,1
RGT64_20250418,RGT64,216,1.3,2,1,4,1,1
RGT64_20250418,RGT64,217,1.3,2,1,1,1,1
RGT64_20250418,RGT64,218,1.3,2,1,5,1,0
RGT64_20250418,RGT64,219,1.3,2,1,4,1,1
RGT64_20250418,RGT64,220,1.3,2,1,4,1,1
RGT64_20250418,RGT64,221,1.3,2,1,1,1,1
RGT64_20250418,RGT64,222,1.3,2,1,1,1,1
RGT64_20250418,RGT64,223,1.3,2,1,5,1,0
RGT64_20250418,RGT64,224,1.3,2,1,4,1,1
RGT64_20250418,RGT64,225,1.3,2,1,4,1,1
RGT64_20250418,RGT64,226,1.3,2,1,1,1,1
RGT64_20250418,RGT64,227,1.3,2,1,4,1,1
RGT64_20250418,RGT64,228,1.3,2,1,4,1,1
RGT64_20250418,RGT64,229,1.3,2,1,4,1,1
RGT64_20250418,RGT64,230,1.3,2,1,1,1,1
RGT64_20250418,RGT64,231,1.3,2,1,4,1,1
RGT64_20250418,RGT64,232,1.3,2,1,4,1,1
RGT64_20250418,RGT64,233,1.3,2,1,1,1,1
RGT64_20250418,RGT64,234,1.3,2,1,1,1,1
RGT64_20250418,RGT64,235,1.3,2,1,1,1,1
RGT64_20250418,RGT64,236,1.3,2,1,5,1,0
RGT64_20250418,RGT64,237,1.3,2,1,4,1,1
RGT64_20250418,RGT64,238,1.3,2,1,4,1,1
RGT64_20250418,RGT64,239,1.3,2,1,1,1,1
RGT64_20250418,RGT64,240,1.3,2,1,1,1,1
RGT64_20250418,RGT64,241,1.3,2,1,4,1,1
RGT64_20250418,RGT64,242,1.3,2,1,1,1,1
RGT64_20250418,RGT64,243,1.3,2,1,4,1,1
RGT64_20250418,RGT64,244,1.3,2,1,4,1,1
RGT64_20250418,RGT64,245,1.3,2,1,4,1,1
RGT64_20250418,RGT64,246,1.3,2,1,1,1,1
RGT64_20250418,RGT64,247,1.3,2,1,4,1,1
RGT64_20250418,RGT64,248,1.3,2,1,4,1,1
RGT64_20250418,RGT64,249,1.3,2,1,1,1,1
RGT64_20250418,RGT64,250,1.3,2,1,1,1,1
RGT64_20250418,RGT64,251,1.3,2,1,2,1,0
RGT64_20250418,RGT64,252,1.3,2,1,4,1,1
RGT64_20250418,RGT64,253,1.3,2,1,1,1,1
RGT64_20250418,RGT64,254,1.3,2,1,2,1,0
RGT64_20250418,RGT64,255,1.3,2,1,1,1,1
RGT64_20250418,RGT64,256,1.3,2,1,4,1,1
RGT64_20250418,RGT64,257,1.3,2,1,1,1,1
RGT64_20250418,RGT64,258,1.3,2,1,1,1,1
RGT64_20250418,RGT64,259,1.3,2,1,1,1,1
RGT64_20250418,RGT64,260,1.3,2,1,4,1,1
RGT64_20250418,RGT64,261,1.3,2,1,2,1,0
RGT64_20250418,RGT64,262,1.3,2,1,4,1,1
RGT64_20250418,RGT64,263,1.3,2,1,1,1,1
RGT64_20250418,RGT64,264,1.3,2,1,1,1,1
RGT64_20250418,RGT64,265,1.3,2,1,1,1,1
RGT64_20250418,RGT64,266,1.3,2,1,4,1,1
RGT64_20250418,RGT64,267,1.3,2,1,1,1,1
RGT64_20250418,RGT64,268,1.3,2,1,1,1,1
RGT64_20250418,RGT64,269,1.3,2,1,2,1,0
RGT64_20250418,RGT64,270,1.3,2,1,4,1,1
RGT64_20250418,RGT64,271,1.3,2,1,1,1,1
RGT64_20250418,RGT64,272,1.3,2,1,5,1,0
RGT64_20250418,RGT64,273,1.3,2,1,4,1,1
RGT64_20250418,RGT64,274,1.3,2,1,4,1,1
RGT64_20250418,RGT64,275,1.3,2,1,1,1,1
RGT64_20250418,RGT64,276,1.3,2,1,2,1,0
RGT64_20250418,RGT64,277,1.3,2,1,1,1,1
RGT64_20250418,RGT64,278,1.3,2,1,4,1,1
RGT64_20250418,RGT64,279,1.3,2,1,2,1,0
RGT64_20250418,RGT64,280,1.3,2,1,5,1,0
RGT64_20250418,RGT64,281,1.3,2,1,4,1,1
RGT64_20250418,RGT64,282,1.3,2,1,1,1,1
RGT64_20250418,RGT64,283,1.3,2,1,1,1,1
RGT64_20250418,RGT64,284,1.3,2,1,5,1,0
RGT64_20250418,RGT64,285,1.3,2,1,4,1,1
RGT64_20250418,RGT64,286,1.3,2,1,4,1,1
RGT64_20250418,RGT64,287,1.3,2,1,1,1,1
RGT64_20250418,RGT64,288,1.3,2,1,4,1,1
RGT64_20250418,RGT64,289,1.3,2,1,1,1,1
RGT64_20250418,RGT64,290,1.3,2,1,1,1,1
RGT64_20250418,RGT64,291,1.3,2,1,4,1,1
RGT64_20250418,RGT64,292,1.3,2,1,1,1,1
RGT64_20250418,RGT64,293,1.3,2,1,1,1,1
RGT64_20250418,RGT64,294,1.3,2,1,2,1,0
RGT64_20250418,RGT64,295,1.3,2,1,4,1,1
RGT64_20250418,RGT64,296,1.3,2,1,2,1,0
RGT64_20250418,RGT64,297,1.3,2,1,1,1,1
RGT64_20250418,RGT64,298,1.3,2,1,1,1,1
RGT64_20250418,RGT64,299,1.3,2,1,4,1,1
RGT64_20250418,RGT64,300,1.3,2,1,4,1,1
RGT64_20250418,RGT64,301,1.3,2,1,5,1,0
RGT64_20250418,RGT64,302,1.3,2,1,1,1,1
RGT64_20250418,RGT64,303,1.3,2,1,1,1,1
RGT64_20250418,RGT64,304,1.3,2,1,4,1,1
RGT64_20250418,RGT64,305,1.3,2,1,1,1,1
RGT64_20250418,RGT64,306,1.3,2,1,1,1,1
RGT64_20250418,RGT64,307,1.3,2,1,4,1,1
RGT64_20250418,RGT64,308,1.3,2,1,4,1,1
RGT64_20250418,RGT64,309,1.3,2,1,4,1,1
RGT64_20250418,RGT64,310,1.3,2,1,1,1,1
RGT64_20250418,RGT64,311,1.3,2,1,1,1,1
RGT64_20250418,RGT64,312,1.3,2,1,2,1,0
RGT64_20250418,RGT64,313,1.3,2,1,4,1,1
RGT64_20250418,RGT64,314,1.3,2,1,4,1,1
RGT64_20250418,RGT64,315,1.3,2,1,2,1,0
RGT64_20250418,RGT64,316,1.3,2,1,1,1,1
RGT64_20250418,RGT64,317,1.3,2,1,4,1,1
RGT64_20250418,RGT64,318,1.3,2,1,2,1,0
RGT64_20250418,RGT64,319,1.3,2,1,4,1,1
RGT64_20250418,RGT64,320,1.3,2,1,1,1,1
RGT64_20250418,RGT64,321,1.3,2,1,4,1,1
RGT64_20250418,RGT64,322,1.3,2,1,1,1,1
RGT64_20250418,RGT64,323,1.3,2,1,2,1,0
RGT64_20250418,RGT64,324,1.3,2,1,4,1,1
RGT64_20250418,RGT64,325,1.3,2,1,4,1,1
RGT64_20250418,RGT64,326,1.3,2,1,1,1,1
RGT64_20250418,RGT64,327,1.3,2,1,1,1,1
RGT64_20250418,RGT64,328,1.3,2,1,1,1,1
RGT64_20250418,RGT64,329,1.3,2,1,4,1,1
RGT64_20250418,RGT64,330,1.3,2,1,2,1,0
RGT64_20250418,RGT64,331,1.3,2,1,1,1,1
RGT64_20250418,RGT64,332,1.3,2,1,1,1,1
RGT64_20250418,RGT64,333,1.3,2,1,4,1,1
RGT64_20250418,RGT64,334,1.3,2,1,2,1,0
RGT64_20250418,RGT64,335,1.3,2,1,1,1,1
RGT64_20250418,RGT64,336,1.3,2,1,1,1,1
RGT64_20250418,RGT64,337,1.3,2,1,4,1,1
RGT64_20250418,RGT64,338,1.3,2,1,1,1,1
RGT64_20250418,RGT64,339,1.3,2,1,2,1,0
RGT64_20250418,RGT64,340,1.3,2,1,4,1,1
RGT64_20250418,RGT64,341,1.3,2,1,1,1,1
RGT64_20250418,RGT64,342,1.3,2,1,1,1,1
RGT64_20250418,RGT64,343,1.3,2,1,1,1,1
RGT64_20250418,RGT64,344,1.3,2,1,4,1,1
RGT64_20250418,RGT64,345,1.3,2,1,1,1,1
RGT64_20250418,RGT64,346,1.3,2,1,2,1,0
RGT64_20250418,RGT64,347,1.3,2,1,1,1,1
RGT64_20250418,RGT64,348,1.3,2,1,5,1,0
RGT64_20250418,RGT64,349,1.3,2,1,2,1,0
RGT64_20250418,RGT64,350,1.3,2,1,1,1,1
RGT64_20250418,RGT64,351,1.3,2,1,2,1,0
RGT64_20250418,RGT64,352,1.3,2,1,4,1,1
RGT64_20250418,RGT64,353,1.3,2,1,1,1,1
RGT64_20250418,RGT64,354,1.3,2,1,4,1,1
RGT64_20250418,RGT64,355,1.3,2,1,1,1,1
RGT64_20250418,RGT64,356,1.3,2,1,2,1,0
RGT64_20250418,RGT64,357,1.3,2,1,1,1,1
RGT64_20250418,RGT64,358,1.3,2,1,4,1,1
RGT64_20250418,RGT64,359,1.3,2,1,1,1,1
RGT64_20250418,RGT64,360,1.3,2,1,1,1,1
RGT64_20250418,RGT64,361,1.3,2,1,4,1,1
RGT64_20250419,RGT64,1,1.3,2,1,1,1,1
RGT64_20250419,RGT64,2,1.3,2,1,4,1,1
RGT64_20250419,RGT64,3,1.3,2,1,1,1,1
RGT64_20250419,RGT64,4,1.3,2,1,1,1,1
RGT64_20250419,RGT64,5,1.3,2,1,1,1,1
RGT64_20250419,RGT64,6,1.3,2,1,4,1,1
RGT64_20250419,RGT64,7,1.3,2,1,2,1,0
RGT64_20250419,RGT64,8,1.3,2,1,2,1,0
RGT64_20250419,RGT64,9,1.3,2,1,1,1,1
RGT64_20250419,RGT64,10,1.3,2,1,4,1,1
RGT64_20250419,RGT64,11,1.3,2,1,4,1,1
RGT64_20250419,RGT64,12,1.3,2,1,5,1,0
RGT64_20250419,RGT64,13,1.3,2,1,1,1,1
RGT64_20250419,RGT64,14,1.3,2,1,1,1,1
RGT64_20250419,RGT64,15,1.3,2,1,4,1,1
RGT64_20250419,RGT64,16,1.3,2,1,1,1,1
RGT64_20250419,RGT64,17,1.3,2,1,1,1,1
RGT64_20250419,RGT64,18,1.3,2,1,1,1,1
RGT64_20250419,RGT64,19,1.3,2,1,4,1,1
RGT64_20250419,RGT64,20,1.3,2,1,1,1,1
RGT64_20250419,RGT64,21,1.3,2,1,4,1,1
RGT64_20250419,RGT64,22,1.3,2,1,4,1,1
RGT64_20250419,RGT64,23,1.3,2,1,2,1,0
RGT64_20250419,RGT64,24,1.3,2,1,1,1,1
RGT64_20250419,RGT64,25,1.3,2,1,4,1,1
RGT64_20250419,RGT64,26,1.3,2,1,2,1,0
RGT64_20250419,RGT64,27,1.3,2,1,4,1,1
RGT64_20250419,RGT64,28,1.3,2,1,1,1,1
RGT64_20250419,RGT64,29,1.3,2,1,1,1,1
RGT64_20250419,RGT64,30,1.3,2,1,4,1,1
RGT64_20250419,RGT64,31,1.3,2,1,2,1,0
RGT64_20250419,RGT64,32,1.3,2,1,4,1,1
RGT64_20250419,RGT64,33,1.3,2,1,4,1,1
RGT64_20250419,RGT64,34,1.3,2,1,5,1,0
RGT64_20250419,RGT64,35,1.3,2,1,1,1,1
RGT64_20250419,RGT64,36,1.3,2,1,4,1,1
RGT64_20250419,RGT64,37,1.3,2,1,1,1,1
RGT64_20250419,RGT64,38,1.3,2,1,1,1,1
RGT64_20250419,RGT64,39,1.3,2,1,1,1,1
RGT64_20250419,RGT64,40,1.3,2,1,4,1,1
RGT64_20250419,RGT64,41,1.3,2,1,1,1,1
RGT64_20250419,RGT64,42,1.3,2,1,1,1,1
RGT64_20250419,RGT64,43,1.3,2,1,2,1,0
RGT64_20250419,RGT64,44,1.3,2,1,4,1,1
RGT64_20250419,RGT64,45,1.3,2,1,4,1,1
RGT64_20250419,RGT64,46,1.3,2,1,1,1,1
RGT64_20250419,RGT64,47,1.3,2,1,4,1,1
RGT64_20250419,RGT64,48,1.3,2,1,1,1,1
RGT64_20250419,RGT64,49,1.3,2,1,4,1,1
RGT64_20250419,RGT64,50,1.3,2,1,1,1,1
RGT64_20250419,RGT64,51,1.3,2,1,1,1,1
RGT64_20250419,RGT64,52,1.3,2,1,4,1,1
RGT64_20250419,RGT64,53,1.3,2,1,1,1,1
RGT64_20250419,RGT64,54,1.3,2,1,1,1,1
RGT64_20250419,RGT64,55,1.3,2,1,2,1,0
RGT64_20250419,RGT64,56,1.3,2,1,4,1,1
RGT64_20250419,RGT64,57,1.3,2,1,2,1,0
RGT64_20250419,RGT64,58,1.3,2,1,4,1,1
RGT64_20250419,RGT64,59,1.3,2,1,1,1,1
RGT64_20250419,RGT64,60,1.3,2,1,4,1,1
RGT64_20250419,RGT64,61,1.3,2,1,2,1,0
RGT64_20250419,RGT64,62,1.3,2,1,4,1,1
RGT64_20250419,RGT64,63,1.3,2,1,5,1,0
RGT64_20250419,RGT64,64,1.3,2,1,5,1,0
RGT64_20250419,RGT64,65,1.3,2,1,1,1,1
RGT64_20250419,RGT64,66,1.3,2,1,4,1,1
RGT64_20250419,RGT64,67,1.3,2,1,1,1,1
RGT64_20250419,RGT64,68,1.3,2,1,3,0,0
RGT64_20250419,RGT64,69,1.3,2,1,4,1,1
RGT64_20250419,RGT64,70,1.3,2,1,1,1,1
RGT64_20250419,RGT64,71,1.3,2,1,4,1,1
RGT64_20250419,RGT64,72,1.3,2,1,1,1,1
RGT64_20250419,RGT64,73,1.3,2,1,4,1,1
RGT64_20250419,RGT64,74,1.3,2,1,4,1,1
RGT64_20250419,RGT64,75,1.3,2,1,4,1,1
RGT64_20250419,RGT64,76,1.3,2,1,1,1,1
RGT64_20250419,RGT64,77,1.3,2,1,2,1,0
RGT64_20250419,RGT64,78,1.3,2,1,1,1,1
RGT64_20250419,RGT64,79,1.3,2,1,4,1,1
RGT64_20250419,RGT64,80,1.3,2,1,1,1,1
RGT64_20250419,RGT64,81,1.3,2,1,4,1,1
RGT64_20250419,RGT64,82,1.3,2,1,4,1,1
RGT64_20250419,RGT64,83,1.3,2,1,4,1,1
RGT64_20250419,RGT64,84,1.3,2,1,1,1,1
RGT64_20250419,RGT64,85,1.3,2,1,2,1,0
RGT64_20250419,RGT64,86,1.3,2,1,4,1,1
RGT64_20250419,RGT64,87,1.3,2,1,4,1,1
RGT64_20250419,RGT64,88,1.3,2,1,1,1,1
RGT64_20250419,RGT64,89,1.3,2,1,1,1,1
RGT64_20250419,RGT64,90,1.3,2,1,1,1,1
RGT64_20250419,RGT64,91,1.3,2,1,5,1,0
RGT64_20250419,RGT64,92,1.3,2,1,5,1,0
RGT64_20250419,RGT64,93,1.3,2,1,4,1,1
RGT64_20250419,RGT64,94,1.3,2,1,2,1,0
RGT64_20250419,RGT64,95,1.3,2,1,1,1,1
RGT64_20250419,RGT64,96,1.3,2,1,1,1,1
RGT64_20250419,RGT64,97,1.3,2,1,4,1,1
RGT64_20250419,RGT64,98,1.3,2,1,1,1,1
RGT64_20250419,RGT64,99,1.3,2,1,4,1,1
RGT64_20250419,RGT64,100,1.3,2,1,1,1,1
RGT64_20250419,RGT64,101,1.3,2,1,4,1,1
RGT64_20250419,RGT64,102,1.3,2,1,1,1,1
RGT64_20250419,RGT64,103,1.3,2,1,5,1,0
RGT64_20250419,RGT64,104,1.3,2,1,3,0,0
RGT64_20250419,RGT64,105,1.3,2,1,1,1,1
RGT64_20250419,RGT64,106,1.3,2,1,4,1,1
RGT64_20250419,RGT64,107,1.3,2,1,4,1,1
RGT64_20250419,RGT64,108,1.3,2,1,5,1,0
RGT64_20250419,RGT64,109,1.3,2,1,1,1,1
RGT64_20250419,RGT64,110,1.3,2,1,4,1,1
RGT64_20250419,RGT64,111,1.3,2,1,4,1,1
RGT64_20250419,RGT64,112,1.3,1,2,4,1,1
RGT64_20250419,RGT64,113,1.3,1,2,1,1,1
RGT64_20250419,RGT64,114,1.3,1,2,1,1,1
RGT64_20250419,RGT64,115,1.3,1,2,4,1,1
RGT64_20250419,RGT64,116,1.3,1,2,4,1,1
RGT64_20250419,RGT64,117,1.3,1,2,4,1,1
RGT64_20250419,RGT64,118,1.3,1,2,1,1,1
RGT64_20250419,RGT64,119,1.3,1,2,3,0,0
RGT64_20250419,RGT64,120,1.3,1,2,6,0,0
RGT64_20250419,RGT64,121,1.3,1,2,4,1,1
RGT64_20250419,RGT64,122,1.3,1,2,4,1,1
RGT64_20250419,RGT64,123,1.3,1,2,1,1,1
RGT64_20250419,RGT64,124,1.3,1,2,4,1,1
RGT64_20250419,RGT64,125,1.3,1,2,4,1,1
RGT64_20250419,RGT64,126,1.3,1,2,4,1,1
RGT64_20250419,RGT64,127,1.3,1,2,1,1,1
RGT64_20250419,RGT64,128,1.3,1,2,5,1,0
RGT64_20250419,RGT64,129,1.3,1,2,5,1,0
RGT64_20250419,RGT64,130,1.3,1,2,1,1,1
RGT64_20250419,RGT64,131,1.3,1,2,4,1,1
RGT64_20250419,RGT64,132,1.3,1,2,1,1,1
RGT64_20250419,RGT64,133,1.3,1,2,4,1,1
RGT64_20250419,RGT64,134,1.3,1,2,6,0,0
RGT64_20250419,RGT64,135,1.3,1,2,5,1,0
RGT64_20250419,RGT64,136,1.3,1,2,1,1,1
RGT64_20250419,RGT64,137,1.3,1,2,2,1,0
RGT64_20250419,RGT64,138,1.3,1,2,5,1,0
RGT64_20250419,RGT64,139,1.3,1,2,6,0,0
RGT64_20250419,RGT64,140,1.3,1,2,4,1,1
RGT64_20250419,RGT64,141,1.3,1,2,1,1,1
RGT64_20250419,RGT64,142,1.3,1,2,6,0,0
RGT64_20250419,RGT64,143,1.3,1,2,4,1,1
RGT64_20250419,RGT64,144,1.3,1,2,2,1,0
RGT64_20250419,RGT64,145,1.3,1,2,4,1,1
RGT64_20250419,RGT64,146,1.3,1,2,3,0,0
RGT64_20250419,RGT64,147,1.3,1,2,1,1,1
RGT64_20250419,RGT64,148,1.3,1,2,4,1,1
RGT64_20250419,RGT64,149,1.3,1,2,4,1,1
RGT64_20250419,RGT64,150,1.3,1,2,4,1,1
RGT64_20250419,RGT64,151,1.3,1,2,1,1,1
RGT64_20250419,RGT64,152,1.3,1,2,4,1,1
RGT64_20250419,RGT64,153,1.3,1,2,1,1,1
RGT64_20250419,RGT64,154,1.3,1,2,1,1,1
RGT64_20250419,RGT64,155,1.3,1,2,4,1,1
RGT64_20250419,RGT64,156,1.3,1,2,4,1,1
RGT64_20250419,RGT64,157,1.3,1,2,2,1,0
RGT64_20250419,RGT64,158,1.3,1,2,4,1,1
RGT64_20250419,RGT64,159,1.3,1,2,4,1,1
RGT64_20250419,RGT64,160,1.3,1,2,1,1,1
RGT64_20250419,RGT64,161,1.3,1,2,1,1,1
RGT64_20250419,RGT64,162,1.3,1,2,1,1,1
RGT64_20250419,RGT64,163,1.3,1,2,5,1,0
RGT64_20250419,RGT64,164,1.3,1,2,4,1,1
RGT64_20250419,RGT64,165,1.3,1,2,4,1,1
RGT64_20250419,RGT64,166,1.3,1,2,1,1,1
RGT64_20250419,RGT64,167,1.3,1,2,1,1,1
RGT64_20250419,RGT64,168,1.3,1,2,1,1,1
RGT64_20250419,RGT64,169,1.3,1,2,5,1,0
RGT64_20250419,RGT64,170,1.3,1,2,1,1,1
RGT64_20250419,RGT64,171,1.3,1,2,4,1,1
RGT64_20250419,RGT64,172,1.3,1,2,4,1,1
RGT64_20250419,RGT64,173,1.3,1,2,2,1,0
RGT64_20250419,RGT64,174,1.3,1,2,4,1,1
RGT64_20250419,RGT64,175,1.3,1,2,1,1,1
RGT64_20250419,RGT64,176,1.3,1,2,4,1,1
RGT64_20250419,RGT64,177,1.3,1,2,1,1,1
RGT64_20250419,RGT64,178,1.3,1,2,1,1,1
RGT64_20250419,RGT64,179,1.3,1,2,1,1,1
RGT64_20250419,RGT64,180,1.3,1,2,4,1,1
RGT64_20250419,RGT64,181,1.3,1,2,4,1,1
RGT64_20250419,RGT64,182,1.3,1,2,4,1,1
RGT64_20250419,RGT64,183,1.3,1,2,1,1,1
RGT64_20250419,RGT64,184,1.3,1,2,2,1,0
RGT64_20250419,RGT64,185,1.3,1,2,4,1,1
RGT64_20250419,RGT64,186,1.3,1,2,4,1,1
RGT64_20250419,RGT64,187,1.3,1,2,4,1,1
RGT64_20250419,RGT64,188,1.3,1,2,1,1,1
RGT64_20250419,RGT64,189,1.3,1,2,4,1,1
RGT64_20250419,RGT64,190,1.3,1,2,2,1,0
RGT64_20250419,RGT64,191,1.3,1,2,3,0,0
RGT64_20250419,RGT64,192,1.3,1,2,4,1,1
RGT64_20250419,RGT64,193,1.3,1,2,1,1,1
RGT64_20250419,RGT64,194,1.3,1,2,2,1,0
RGT64_20250419,RGT64,195,1.3,1,2,1,1,1
RGT64_20250419,RGT64,196,1.3,1,2,4,1,1
RGT64_20250419,RGT64,197,1.3,1,2,1,1,1
RGT64_20250419,RGT64,198,1.3,1,2,4,1,1
RGT64_20250419,RGT64,199,1.3,1,2,4,1,1
RGT64_20250419,RGT64,200,1.3,1,2,2,1,0
RGT64_20250419,RGT64,201,1.3,1,2,1,1,1
RGT64_20250419,RGT64,202,1.3,1,2,4,1,1
RGT64_20250419,RGT64,203,1.3,1,2,1,1,1
RGT64_20250419,RGT64,204,1.3,1,2,4,1,1
RGT64_20250419,RGT64,205,1.3,1,2,2,1,0
RGT64_20250419,RGT64,206,1.3,1,2,2,1,0
RGT64_20250419,RGT64,207,1.3,1,2,1,1,1
RGT64_20250419,RGT64,208,1.3,1,2,4,1,1
RGT64_20250419,RGT64,209,1.3,1,2,1,1,1
RGT64_20250419,RGT64,210,1.3,1,2,1,1,1
RGT64_20250419,RGT64,211,1.3,1,2,1,1,1
RGT64_20250419,RGT64,212,1.3,1,2,4,1,1
RGT64_20250419,RGT64,213,1.3,1,2,4,1,1
RGT64_20250419,RGT64,214,1.3,1,2,4,1,1
RGT64_20250419,RGT64,215,1.3,1,2,1,1,1
RGT64_20250419,RGT64,216,1.3,1,2,1,1,1
RGT64_20250419,RGT64,217,1.3,1,2,1,1,1
RGT64_20250419,RGT64,218,1.3,1,2,5,1,0
RGT64_20250419,RGT64,219,1.3,1,2,4,1,1
RGT64_20250419,RGT64,220,1.3,1,2,1,1,1
RGT64_20250419,RGT64,221,1.3,1,2,1,1,1
RGT64_20250419,RGT64,222,1.3,1,2,4,1,1
RGT64_20250419,RGT64,223,1.3,1,2,4,1,1
RGT64_20250419,RGT64,224,1.3,1,2,1,1,1
RGT64_20250419,RGT64,225,1.3,1,2,2,1,0
RGT64_20250419,RGT64,226,1.3,1,2,1,1,1
RGT64_20250419,RGT64,227,1.3,1,2,4,1,1
RGT64_20250419,RGT64,228,1.3,1,2,4,1,1
RGT64_20250419,RGT64,229,1.3,1,2,2,1,0
RGT64_20250419,RGT64,230,1.3,1,2,1,1,1
RGT64_20250419,RGT64,231,1.3,1,2,4,1,1
RGT64_20250419,RGT64,232,1.3,1,2,2,1,0
RGT64_20250419,RGT64,233,1.3,1,2,2,1,0
RGT64_20250419,RGT64,234,1.3,1,2,4,1,1
RGT64_20250419,RGT64,235,1.3,1,2,1,1,1
RGT64_20250419,RGT64,236,1.3,1,2,1,1,1
RGT64_20250419,RGT64,237,1.3,1,2,6,0,0
RGT64_20250419,RGT64,238,1.3,1,2,2,1,0
RGT64_20250419,RGT64,239,1.3,1,2,2,1,0
RGT64_20250419,RGT64,240,1.3,1,2,1,1,1
RGT64_20250419,RGT64,241,1.3,1,2,6,0,0
RGT64_20250419,RGT64,242,1.3,1,2,1,1,1
RGT64_20250419,RGT64,243,1.3,1,2,2,1,0
RGT64_20250419,RGT64,244,1.3,1,2,1,1,1
RGT64_20250419,RGT64,245,1.3,1,2,4,1,1
RGT64_20250419,RGT64,246,1.3,1,2,1,1,1
RGT64_20250419,RGT64,247,1.3,1,2,1,1,1
RGT64_20250419,RGT64,248,1.3,1,2,4,1,1
RGT64_20250419,RGT64,249,1.3,1,2,4,1,1
RGT64_20250419,RGT64,250,1.3,1,2,1,1,1
RGT64_20250419,RGT64,251,1.3,1,2,1,1,1
RGT64_20250419,RGT64,252,1.3,1,2,2,1,0
RGT64_20250419,RGT64,253,1.3,1,2,4,1,1
RGT64_20250419,RGT64,254,1.3,1,2,1,1,1
RGT64_20250419,RGT64,255,1.3,1,2,2,1,0
RGT64_20250419,RGT64,256,1.3,1,2,4,1,1
RGT64_20250419,RGT64,257,1.3,1,2,1,1,1
RGT64_20250419,RGT64,258,1.3,1,2,4,1,1
RGT64_20250419,RGT64,259,1.3,1,2,2,1,0
RGT64_20250419,RGT64,260,1.3,1,2,1,1,1
RGT64_20250419,RGT64,261,1.3,1,2,1,1,1
RGT64_20250419,RGT64,262,1.3,1,2,4,1,1
RGT64_20250419,RGT64,263,1.3,1,2,2,1,0
RGT64_20250419,RGT64,264,1.3,1,2,4,1,1
RGT64_20250419,RGT64,265,1.3,1,2,1,1,1
RGT64_20250419,RGT64,266,1.3,1,2,1,1,1
RGT64_20250419,RGT64,267,1.3,1,2,2,1,0
RGT64_20250419,RGT64,268,1.3,1,2,4,1,1
RGT64_20250419,RGT64,269,1.3,1,2,4,1,1
RGT64_20250419,RGT64,270,1.3,1,2,2,1,0
RGT64_20250419,RGT64,271,1.3,1,2,2,1,0
RGT64_20250419,RGT64,272,1.3,1,2,1,1,1
RGT64_20250419,RGT64,273,1.3,1,2,4,1,1
RGT64_20250419,RGT64,274,1.3,1,2,1,1,1
RGT64_20250419,RGT64,275,1.3,1,2,5,1,0
RGT64_20250419,RGT64,276,1.3,1,2,1,1,1
RGT64_20250419,RGT64,277,1.3,1,2,1,1,1
RGT64_20250419,RGT64,278,1.3,1,2,1,1,1
RGT64_20250419,RGT64,279,1.3,1,2,5,1,0
RGT64_20250419,RGT64,280,1.3,1,2,1,1,1
RGT64_20250419,RGT64,281,1.3,1,2,5,1,0
RGT64_20250419,RGT64,282,1.3,1,2,4,1,1
RGT64_20250419,RGT64,283,1.3,1,2,4,1,1
RGT64_20250419,RGT64,284,1.3,1,2,1,1,1
RGT64_20250419,RGT64,285,1.3,1,2,4,1,1
RGT64_20250419,RGT64,286,1.3,1,2,4,1,1
RGT64_20250419,RGT64,287,1.3,1,2,1,1,1
RGT64_20250419,RGT64,288,1.3,1,2,1,1,1
RGT64_20250419,RGT64,289,1.3,1,2,1,1,1
RGT64_20250419,RGT64,290,1.3,1,2,5,1,0
RGT64_20250419,RGT64,291,1.3,1,2,1,1,1
RGT64_20250419,RGT64,292,1.3,1,2,5,1,0
RGT64_20250419,RGT64,293,1.3,1,2,5,1,0
RGT64_20250419,RGT64,294,1.3,1,2,5,1,0
RGT64_20250419,RGT64,295,1.3,1,2,5,1,0
RGT64_20250419,RGT64,296,1.3,1,2,4,1,1
RGT64_20250419,RGT64,297,1.3,1,2,2,1,0
RGT64_20250419,RGT64,298,1.3,1,2,1,1,1
RGT64_20250419,RGT64,299,1.3,1,2,4,1,1
RGT64_20250419,RGT64,300,1.3,1,2,4,1,1
RGT64_20250419,RGT64,301,1.3,1,2,2,1,0
RGT64_20250419,RGT64,302,1.3,1,2,1,1,1
RGT64_20250419,RGT64,303,1.3,1,2,4,1,1
RGT64_20250419,RGT64,304,1.3,1,2,1,1,1
RGT64_20250419,RGT64,305,1.3,1,2,2,1,0
RGT64_20250419,RGT64,306,1.3,1,2,4,1,1
RGT64_20250419,RGT64,307,1.3,1,2,4,1,1
RGT64_20250419,RGT64,308,1.3,1,2,4,1,1
RGT64_20250419,RGT64,309,1.3,1,2,2,1,0
RGT64_20250419,RGT64,310,1.3,1,2,1,1,1
RGT64_20250419,RGT64,311,1.3,1,2,1,1,1
RGT64_20250419,RGT64,312,1.3,1,2,4,1,1
RGT64_20250419,RGT64,313,1.3,1,2,1,1,1
RGT64_20250419,RGT64,314,1.3,1,2,4,1,1
RGT64_20250419,RGT64,315,1.3,1,2,1,1,1
RGT64_20250419,RGT64,316,1.3,1,2,1,1,1
RGT64_20250419,RGT64,317,1.3,1,2,2,1,0
RGT64_20250419,RGT64,318,1.3,1,2,5,1,0
RGT64_20250419,RGT64,319,1.3,1,2,4,1,1
RGT64_20250419,RGT64,320,1.3,1,2,4,1,1
RGT64_20250419,RGT64,321,1.3,1,2,1,1,1
RGT64_20250419,RGT64,322,1.3,1,2,1,1,1
RGT64_20250419,RGT64,323,1.3,1,2,1,1,1
RGT64_20250419,RGT64,324,1.3,1,2,4,1,1
RGT64_20250419,RGT64,325,1.3,1,2,1,1,1
RGT64_20250419,RGT64,326,1.3,1,2,4,1,1
RGT64_20250419,RGT64,327,1.3,1,2,1,1,1
RGT64_20250419,RGT64,328,1.3,1,2,4,1,1
RGT64_20250419,RGT64,329,1.3,1,2,4,1,1
RGT64_20250419,RGT64,330,1.3,1,2,1,1,1
RGT64_20250419,RGT64,331,1.3,1,2,4,1,1
RGT64_20250419,RGT64,332,1.3,1,2,1,1,1
RGT64_20250419,RGT64,333,1.3,1,2,1,1,1
RGT64_20250419,RGT64,334,1.3,1,2,4,1,1
RGT64_20250419,RGT64,335,1.3,1,2,1,1,1
RGT64_20250419,RGT64,336,1.3,1,2,5,1,0
RGT64_20250419,RGT64,337,1.3,1,2,1,1,1
RGT64_20250419,RGT64,338,1.3,1,2,4,1,1
RGT64_20250419,RGT64,339,1.3,1,2,4,1,1
RGT64_20250419,RGT64,340,1.3,1,2,4,1,1
RGT64_20250419,RGT64,341,1.3,1,2,1,1,1
RGT64_20250419,RGT64,342,1.3,1,2,5,1,0
RGT64_20250419,RGT64,343,1.3,1,2,4,1,1
RGT64_20250419,RGT64,344,1.3,1,2,4,1,1
RGT64_20250419,RGT64,345,1.3,1,2,1,1,1
RGT64_20250419,RGT64,346,1.3,1,2,1,1,1
RGT64_20250419,RGT64,347,1.3,1,2,4,1,1
RGT64_20250419,RGT64,348,1.3,1,2,1,1,1
RGT64_20250419,RGT64,349,1.3,1,2,4,1,1
RGT64_20250419,RGT64,350,1.3,1,2,4,1,1
RGT64_20250419,RGT64,351,1.3,1,2,1,1,1
RGT64_20250419,RGT64,352,1.3,1,2,5,1,0
RGT64_20250419,RGT64,353,1.3,1,2,1,1,1
RGT64_20250419,RGT64,354,1.3,1,2,1,1,1
RGT64_20250419,RGT64,355,1.3,1,2,1,1,1
RGT64_20250419,RGT64,356,1.3,1,2,4,1,1
RGT64_20250419,RGT64,357,1.3,1,2,5,1,0
RGT64_20250419,RGT64,358,1.3,1,2,4,1,1
RGT64_20250419,RGT64,359,1.3,1,2,1,1,1
RGT64_20250419,RGT64,360,1.3,1,2,5,1,0
RGT64_20250419,RGT64,361,1.3,1,2,4,1,1
RGT64_20250419,RGT64,362,1.3,1,2,1,1,1
RGT64_20250419,RGT64,363,1.3,1,2,2,1,0
RGT64_20250419,RGT64,364,1.3,1,2,4,1,1
RGT64_20250419,RGT64,365,1.3,1,2,5,1,0
RGT64_20250419,RGT64,366,1.3,1,2,4,1,1
RGT64_20250420,RGT64,1,1.3,1,2,5,1,0
RGT64_20250420,RGT64,2,1.3,1,2,4,1,1
RGT64_20250420,RGT64,3,1.3,1,2,1,1,1
RGT64_20250420,RGT64,4,1.3,1,2,1,1,1
RGT64_20250420,RGT64,5,1.3,1,2,4,1,1
RGT64_20250420,RGT64,6,1.3,1,2,4,1,1
RGT64_20250420,RGT64,7,1.3,1,2,4,1,1
RGT64_20250420,RGT64,8,1.3,1,2,1,1,1
RGT64_20250420,RGT64,9,1.3,1,2,1,1,1
RGT64_20250420,RGT64,10,1.3,1,2,1,1,1
RGT64_20250420,RGT64,11,1.3,1,2,5,1,0
RGT64_20250420,RGT64,12,1.3,1,2,4,1,1
RGT64_20250420,RGT64,13,1.3,1,2,4,1,1
RGT64_20250420,RGT64,14,1.3,1,2,1,1,1
RGT64_20250420,RGT64,15,1.3,1,2,4,1,1
RGT64_20250420,RGT64,16,1.3,1,2,4,1,1
RGT64_20250420,RGT64,17,1.3,1,2,4,1,1
RGT64_20250420,RGT64,18,1.3,1,2,1,1,1
RGT64_20250420,RGT64,19,1.3,1,2,4,1,1
RGT64_20250420,RGT64,20,1.3,1,2,4,1,1
RGT64_20250420,RGT64,21,1.3,1,2,1,1,1
RGT64_20250420,RGT64,22,1.3,1,2,4,1,1
RGT64_20250420,RGT64,23,1.3,1,2,1,1,1
RGT64_20250420,RGT64,24,1.3,1,2,1,1,1
RGT64_20250420,RGT64,25,1.3,1,2,4,1,1
RGT64_20250420,RGT64,26,1.3,1,2,2,1,0
RGT64_20250420,RGT64,27,1.3,1,2,4,1,1
RGT64_20250420,RGT64,28,1.3,1,2,4,1,1
RGT64_20250420,RGT64,29,1.3,1,2,2,1,0
RGT64_20250420,RGT64,30,1.3,1,2,2,1,0
RGT64_20250420,RGT64,31,1.3,1,2,2,1,0
RGT64_20250420,RGT64,32,1.3,1,2,1,1,1
RGT64_20250420,RGT64,33,1.3,1,2,4,1,1
RGT64_20250420,RGT64,34,1.3,1,2,4,1,1
RGT64_20250420,RGT64,35,1.3,1,2,2,1,0
RGT64_20250420,RGT64,36,1.3,1,2,2,1,0
RGT64_20250420,RGT64,37,1.3,1,2,5,1,0
RGT64_20250420,RGT64,38,1.3,1,2,3,0,0
RGT64_20250420,RGT64,39,1.3,1,2,1,1,1
RGT64_20250420,RGT64,40,1.3,1,2,1,1,1
RGT64_20250420,RGT64,41,1.3,1,2,4,1,1
RGT64_20250420,RGT64,42,1.3,1,2,1,1,1
RGT64_20250420,RGT64,43,1.3,1,2,1,1,1
RGT64_20250420,RGT64,44,1.3,1,2,4,1,1
RGT64_20250420,RGT64,45,1.3,1,2,4,1,1
RGT64_20250420,RGT64,46,1.3,1,2,4,1,1
RGT64_20250420,RGT64,47,1.3,1,2,1,1,1
RGT64_20250420,RGT64,48,1.3,1,2,4,1,1
RGT64_20250420,RGT64,49,1.3,1,2,2,1,0
RGT64_20250420,RGT64,50,1.3,1,2,2,1,0
RGT64_20250420,RGT64,51,1.3,1,2,1,1,1
RGT64_20250420,RGT64,52,1.3,1,2,4,1,1
RGT64_20250420,RGT64,53,1.3,1,2,2,1,0
RGT64_20250420,RGT64,54,1.3,1,2,4,1,1
RGT64_20250420,RGT64,55,1.3,1,2,2,1,0
RGT64_20250420,RGT64,56,1.3,1,2,1,1,1
RGT64_20250420,RGT64,57,1.3,1,2,4,1,1
RGT64_20250420,RGT64,58,1.3,1,2,4,1,1
RGT64_20250420,RGT64,59,1.3,1,2,4,1,1
RGT64_20250420,RGT64,60,1.3,1,2,2,1,0
RGT64_20250420,RGT64,61,1.3,1,2,2,1,0
RGT64_20250420,RGT64,62,1.3,1,2,1,1,1
RGT64_20250420,RGT64,63,1.3,1,2,4,1,1
RGT64_20250420,RGT64,64,1.3,1,2,2,1,0
RGT64_20250420,RGT64,65,1.3,1,2,1,1,1
RGT64_20250420,RGT64,66,1.3,1,2,1,1,1
RGT64_20250420,RGT64,67,1.3,1,2,4,1,1
RGT64_20250420,RGT64,68,1.3,1,2,2,1,0
RGT64_20250420,RGT64,69,1.3,1,2,4,1,1
RGT64_20250420,RGT64,70,1.3,1,2,2,1,0
RGT64_20250420,RGT64,71,1.3,1,2,2,1,0
RGT64_20250420,RGT64,72,1.3,1,2,2,1,0
RGT64_20250420,RGT64,73,1.3,1,2,2,1,0
RGT64_20250420,RGT64,74,1.3,1,2,1,1,1
RGT64_20250420,RGT64,75,1.3,1,2,1,1,1
RGT64_20250420,RGT64,76,1.3,1,2,2,1,0
RGT64_20250420,RGT64,77,1.3,1,2,1,1,1
RGT64_20250420,RGT64,78,1.3,1,2,4,1,1
RGT64_20250420,RGT64,79,1.3,1,2,1,1,1
RGT64_20250420,RGT64,80,1.3,1,2,1,1,1
RGT64_20250420,RGT64,81,1.3,1,2,2,1,0
RGT64_20250420,RGT64,82,1.3,1,2,4,1,1
RGT64_20250420,RGT64,83,1.3,1,2,4,1,1
RGT64_20250420,RGT64,84,1.3,1,2,2,1,0
RGT64_20250420,RGT64,85,1.3,1,2,2,1,0
RGT64_20250420,RGT64,86,1.3,1,2,1,1,1
RGT64_20250420,RGT64,87,1.3,1,2,4,1,1
RGT64_20250420,RGT64,88,1.3,1,2,4,1,1
RGT64_20250420,RGT64,89,1.3,1,2,1,1,1
RGT64_20250420,RGT64,90,1.3,1,2,2,1,0
RGT64_20250420,RGT64,91,1.3,1,2,4,1,1
RGT64_20250420,RGT64,92,1.3,1,2,4,1,1
RGT64_20250420,RGT64,93,1.3,1,2,1,1,1
RGT64_20250420,RGT64,94,1.3,1,2,3,0,0
RGT64_20250420,RGT64,95,1.3,1,2,4,1,1
RGT64_20250420,RGT64,96,1.3,1,2,2,1,0
RGT64_20250420,RGT64,97,1.3,1,2,1,1,1
RGT64_20250420,RGT64,98,1.3,1,2,1,1,1
RGT64_20250420,RGT64,99,1.3,1,2,1,1,1
RGT64_20250420,RGT64,100,1.3,1,2,4,1,1
RGT64_20250420,RGT64,101,1.3,1,2,4,1,1
RGT64_20250420,RGT64,102,1.3,2,1,4,1,1
RGT64_20250420,RGT64,103,1.3,2,1,2,1,0
RGT64_20250420,RGT64,104,1.3,2,1,1,1,1
RGT64_20250420,RGT64,105,1.3,2,1,2,1,0
RGT64_20250420,RGT64,106,1.3,2,1,4,1,1
RGT64_20250420,RGT64,107,1.3,2,1,1,1,1
RGT64_20250420,RGT64,108,1.3,2,1,1,1,1
RGT64_20250420,RGT64,109,1.3,2,1,1,1,1
RGT64_20250420,RGT64,110,1.3,2,1,4,1,1
RGT64_20250420,RGT64,111,1.3,2,1,2,1,0
RGT64_20250420,RGT64,112,1.3,2,1,1,1,1
RGT64_20250420,RGT64,113,1.3,2,1,2,1,0
RGT64_20250420,RGT64,114,1.3,2,1,4,1,1
RGT64_20250420,RGT64,115,1.3,2,1,2,1,0
RGT64_20250420,RGT64,116,1.3,2,1,1,1,1
RGT64_20250420,RGT64,117,1.3,2,1,2,1,0
RGT64_20250420,RGT64,118,1.3,2,1,1,1,1
RGT64_20250420,RGT64,119,1.3,2,1,1,1,1
RGT64_20250420,RGT64,120,1.3,2,1,4,1,1
RGT64_20250420,RGT64,121,1.3,2,1,1,1,1
RGT64_20250420,RGT64,122,1.3,2,1,1,1,1
RGT64_20250420,RGT64,123,1.3,2,1,4,1,1
RGT64_20250420,RGT64,124,1.3,2,1,1,1,1
RGT64_20250420,RGT64,125,1.3,2,1,1,1,1
RGT64_20250420,RGT64,126,1.3,2,1,4,1,1
RGT64_20250420,RGT64,127,1.3,2,1,1,1,1
RGT64_20250420,RGT64,128,1.3,2,1,4,1,1
RGT64_20250420,RGT64,129,1.3,2,1,4,1,1
RGT64_20250420,RGT64,130,1.3,2,1,4,1,1
RGT64_20250420,RGT64,131,1.3,2,1,1,1,1
RGT64_20250420,RGT64,132,1.3,2,1,1,1,1
RGT64_20250420,RGT64,133,1.3,2,1,4,1,1
RGT64_20250420,RGT64,134,1.3,2,1,2,1,0
RGT64_20250420,RGT64,135,1.3,2,1,1,1,1
RGT64_20250420,RGT64,136,1.3,2,1,4,1,1
RGT64_20250420,RGT64,137,1.3,2,1,1,1,1
RGT64_20250420,RGT64,138,1.3,2,1,1,1,1
RGT64_20250420,RGT64,139,1.3,2,1,1,1,1
RGT64_20250420,RGT64,140,1.3,2,1,6,0,0
RGT64_20250420,RGT64,141,1.3,2,1,4,1,1
RGT64_20250420,RGT64,142,1.3,2,1,1,1,1
RGT64_20250420,RGT64,143,1.3,2,1,1,1,1
RGT64_20250420,RGT64,144,1.3,2,1,3,0,0
RGT64_20250420,RGT64,145,1.3,2,1,5,1,0
RGT64_20250420,RGT64,146,1.3,2,1,1,1,1
RGT64_20250420,RGT64,147,1.3,2,1,1,1,1
RGT64_20250420,RGT64,148,1.3,2,1,5,1,0
RGT64_20250420,RGT64,149,1.3,2,1,5,1,0
RGT64_20250420,RGT64,150,1.3,2,1,5,1,0
RGT64_20250420,RGT64,151,1.3,2,1,6,0,0
RGT64_20250420,RGT64,152,1.3,2,1,5,1,0
RGT64_20250420,RGT64,153,1.3,2,1,4,1,1
RGT64_20250420,RGT64,154,1.3,2,1,1,1,1
RGT64_20250420,RGT64,155,1.3,2,1,4,1,1
RGT64_20250420,RGT64,156,1.3,2,1,4,1,1
RGT64_20250420,RGT64,157,1.3,2,1,1,1,1
RGT64_20250420,RGT64,158,1.3,2,1,2,1,0
RGT64_20250420,RGT64,159,1.3,2,1,4,1,1
RGT64_20250420,RGT64,160,1.3,2,1,4,1,1
RGT64_20250420,RGT64,161,1.3,2,1,4,1,1
RGT64_20250420,RGT64,162,1.3,2,1,1,1,1
RGT64_20250420,RGT64,163,1.3,2,1,5,1,0
RGT64_20250420,RGT64,164,1.3,2,1,4,1,1
RGT64_20250420,RGT64,165,1.3,2,1,4,1,1
RGT64_20250420,RGT64,166,1.3,2,1,1,1,1
RGT64_20250420,RGT64,167,1.3,2,1,1,1,1
RGT64_20250420,RGT64,168,1.3,2,1,4,1,1
RGT64_20250420,RGT64,169,1.3,2,1,5,1,0
RGT64_20250420,RGT64,170,1.3,2,1,1,1,1
RGT64_20250420,RGT64,171,1.3,2,1,4,1,1
RGT64_20250420,RGT64,172,1.3,2,1,1,1,1
RGT64_20250420,RGT64,173,1.3,2,1,4,1,1
RGT64_20250420,RGT64,174,1.3,2,1,4,1,1
RGT64_20250420,RGT64,175,1.3,2,1,4,1,1
RGT64_20250420,RGT64,176,1.3,2,1,1,1,1
RGT64_20250420,RGT64,177,1.3,2,1,3,0,0
RGT64_20250420,RGT64,178,1.3,2,1,4,1,1
RGT64_20250420,RGT64,179,1.3,2,1,1,1,1
RGT64_20250420,RGT64,180,1.3,2,1,4,1,1
RGT64_20250420,RGT64,181,1.3,2,1,4,1,1
RGT64_20250420,RGT64,182,1.3,2,1,1,1,1
RGT64_20250420,RGT64,183,1.3,2,1,3,0,0
RGT64_20250420,RGT64,184,1.3,2,1,6,0,0
RGT64_20250420,RGT64,185,1.3,2,1,4,1,1
RGT64_20250420,RGT64,186,1.3,2,1,5,1,0
RGT64_20250420,RGT64,187,1.3,2,1,2,1,0
RGT64_20250420,RGT64,188,1.3,2,1,1,1,1
RGT64_20250420,RGT64,189,1.3,2,1,4,1,1
RGT64_20250420,RGT64,190,1.3,2,1,1,1,1
RGT64_20250420,RGT64,191,1.3,2,1,4,1,1
RGT64_20250420,RGT64,192,1.3,2,1,1,1,1
RGT64_20250420,RGT64,193,1.3,2,1,2,1,0
RGT64_20250420,RGT64,194,1.3,2,1,2,1,0
RGT64_20250420,RGT64,195,1.3,2,1,4,1,1
RGT64_20250420,RGT64,196,1.3,2,1,4,1,1
RGT64_20250420,RGT64,197,1.3,2,1,1,1,1
RGT64_20250420,RGT64,198,1.3,2,1,4,1,1
RGT64_20250420,RGT64,199,1.3,2,1,2,1,0
RGT64_20250420,RGT64,200,1.3,2,1,1,1,1
RGT64_20250420,RGT64,201,1.3,2,1,1,1,1
RGT64_20250420,RGT64,202,1.3,2,1,4,1,1
RGT64_20250420,RGT64,203,1.3,2,1,5,1,0
RGT64_20250420,RGT64,204,1.3,2,1,1,1,1
RGT64_20250420,RGT64,205,1.3,2,1,1,1,1
RGT64_20250420,RGT64,206,1.3,2,1,1,1,1
RGT64_20250420,RGT64,207,1.3,2,1,4,1,1
RGT64_20250420,RGT64,208,1.3,2,1,4,1,1
RGT64_20250420,RGT64,209,1.3,2,1,1,1,1
RGT64_20250420,RGT64,210,1.3,2,1,1,1,1
RGT64_20250420,RGT64,211,1.3,2,1,2,1,0
RGT64_20250420,RGT64,212,1.3,2,1,6,0,0
RGT64_20250420,RGT64,213,1.3,2,1,1,1,1
RGT64_20250420,RGT64,214,1.3,2,1,1,1,1
RGT64_20250420,RGT64,215,1.3,2,1,4,1,1
RGT64_20250420,RGT64,216,1.3,2,1,4,1,1
RGT64_20250420,RGT64,217,1.3,2,1,4,1,1
RGT64_20250420,RGT64,218,1.3,2,1,1,1,1
RGT64_20250420,RGT64,219,1.3,2,1,2,1,0
RGT64_20250420,RGT64,220,1.3,2,1,4,1,1
RGT64_20250420,RGT64,221,1.3,2,1,1,1,1
RGT64_20250420,RGT64,222,1.3,2,1,4,1,1
RGT64_20250420,RGT64,223,1.3,2,1,4,1,1
RGT64_20250420,RGT64,224,1.3,2,1,4,1,1
RGT64_20250420,RGT64,225,1.3,2,1,1,1,1
RGT64_20250420,RGT64,226,1.3,2,1,1,1,1
RGT64_20250420,RGT64,227,1.3,2,1,1,1,1
RGT64_20250420,RGT64,228,1.3,2,1,5,1,0
RGT64_20250420,RGT64,229,1.3,2,1,2,1,0
RGT64_20250420,RGT64,230,1.3,2,1,5,1,0
RGT64_20250420,RGT64,231,1.3,2,1,3,0,0
RGT64_20250420,RGT64,232,1.3,2,1,1,1,1
RGT64_20250420,RGT64,233,1.3,2,1,1,1,1
RGT64_20250420,RGT64,234,1.3,2,1,5,1,0
RGT64_20250420,RGT64,235,1.3,2,1,5,1,0
RGT64_20250420,RGT64,236,1.3,2,1,5,1,0
RGT64_20250420,RGT64,237,1.3,2,1,5,1,0
RGT64_20250420,RGT64,238,1.3,2,1,6,0,0
RGT64_20250420,RGT64,239,1.3,2,1,5,1,0
RGT64_20250420,RGT64,240,1.3,2,1,5,1,0
RGT64_20250420,RGT64,241,1.3,2,1,5,1,0
RGT64_20250420,RGT64,242,1.3,2,1,6,0,0
RGT64_20250420,RGT64,243,1.3,2,1,4,1,1
RGT64_20250420,RGT64,244,1.3,2,1,1,1,1
RGT64_20250420,RGT64,245,1.3,2,1,4,1,1
RGT64_20250420,RGT64,246,1.3,2,1,5,1,0
RGT64_20250420,RGT64,247,1.3,2,1,5,1,0
RGT64_20250420,RGT64,248,1.3,2,1,1,1,1
RGT64_20250420,RGT64,249,1.3,2,1,5,1,0
RGT64_20250420,RGT64,250,1.3,2,1,4,1,1
RGT64_20250420,RGT64,251,1.3,2,1,4,1,1
RGT64_20250420,RGT64,252,1.3,2,1,4,1,1
RGT64_20250420,RGT64,253,1.3,2,1,1,1,1
RGT64_20250420,RGT64,254,1.3,2,1,5,1,0
RGT64_20250420,RGT64,255,1.3,2,1,1,1,1
RGT64_20250420,RGT64,256,1.3,2,1,1,1,1
RGT64_20250420,RGT64,257,1.3,2,1,5,1,0
RGT64_20250420,RGT64,258,1.3,2,1,1,1,1
RGT64_20250420,RGT64,259,1.3,2,1,4,1,1
RGT64_20250420,RGT64,260,1.3,2,1,4,1,1
RGT64_20250420,RGT64,261,1.3,2,1,4,1,1
RGT64_20250420,RGT64,262,1.3,2,1,1,1,1
RGT64_20250420,RGT64,263,1.3,2,1,5,1,0
RGT64_20250420,RGT64,264,1.3,2,1,4,1,1
RGT64_20250420,RGT64,265,1.3,2,1,1,1,1
RGT64_20250420,RGT64,266,1.3,2,1,4,1,1
RGT64_20250420,RGT64,267,1.3,2,1,1,1,1
RGT64_20250420,RGT64,268,1.3,2,1,5,1,0
RGT64_20250420,RGT64,269,1.3,2,1,4,1,1
RGT64_20250420,RGT64,270,1.3,2,1,1,1,1
RGT64_20250420,RGT64,271,1.3,2,1,4,1,1
RGT64_20250420,RGT64,272,1.3,2,1,4,1,1
RGT64_20250420,RGT64,273,1.3,2,1,4,1,1
RGT64_20250420,RGT64,274,1.3,2,1,3,0,0
RGT64_20250420,RGT64,275,1.3,2,1,4,1,1
RGT64_20250420,RGT64,276,1.3,2,1,4,1,1
RGT64_20250420,RGT64,277,1.3,2,1,4,1,1
RGT64_20250420,RGT64,278,1.3,2,1,2,1,0
RGT64_20250420,RGT64,279,1.3,2,1,2,1,0
RGT64_20250420,RGT64,280,1.3,2,1,1,1,1
RGT64_20250420,RGT64,281,1.3,2,1,4,1,1
RGT64_20250420,RGT64,282,1.3,2,1,1,1,1
RGT64_20250420,RGT64,283,1.3,2,1,2,1,0
RGT64_20250420,RGT64,284,1.3,2,1,2,1,0
RGT64_20250420,RGT64,285,1.3,2,1,4,1,1
RGT64_20250420,RGT64,286,1.3,2,1,2,1,0
RGT64_20250420,RGT64,287,1.3,2,1,2,1,0
RGT64_20250420,RGT64,288,1.3,2,1,1,1,1
RGT64_20250420,RGT64,289,1.3,2,1,4,1,1
RGT64_20250420,RGT64,290,1.3,2,1,2,1,0
RGT64_20250420,RGT64,291,1.3,2,1,1,1,1
RGT64_20250420,RGT64,292,1.3,2,1,1,1,1
RGT64_20250420,RGT64,293,1.3,2,1,4,1,1
RGT64_20250420,RGT64,294,1.3,2,1,3,0,0
RGT64_20250420,RGT64,295,1.3,2,1,1,1,1
RGT64_20250420,RGT64,296,1.3,2,1,3,0,0
RGT64_20250420,RGT64,297,1.3,2,1,4,1,1
RGT64_20250420,RGT64,298,1.3,2,1,5,1,0
RGT64_20250420,RGT64,299,1.3,2,1,1,1,1
RGT64_20250420,RGT64,300,1.3,2,1,1,1,1
RGT64_20250420,RGT64,301,1.3,2,1,2,1,0
RGT64_20250420,RGT64,302,1.3,2,1,4,1,1
RGT64_20250420,RGT64,303,1.3,2,1,3,0,0
RGT64_20250420,RGT64,304,1.3,2,1,4,1,1
RGT64_20250420,RGT64,305,1.3,2,1,4,1,1
RGT64_20250420,RGT64,306,1.3,2,1,4,1,1
RGT64_20250420,RGT64,307,1.3,2,1,2,1,0
RGT64_20250420,RGT64,308,1.3,2,1,2,1,0
RGT64_20250420,RGT64,309,1.3,2,1,2,1,0
RGT64_20250420,RGT64,310,1.3,2,1,1,1,1
RGT64_20250420,RGT64,311,1.3,2,1,4,1,1
RGT64_20250420,RGT64,312,1.3,2,1,4,1,1
RGT64_20250420,RGT64,313,1.3,2,1,1,1,1
RGT64_20250420,RGT64,314,1.3,2,1,6,0,0
RGT64_20250420,RGT64,315,1.3,2,1,2,1,0
RGT64_20250420,RGT64,316,1.3,2,1,1,1,1
RGT64_20250420,RGT64,317,1.3,2,1,4,1,1
RGT64_20250420,RGT64,318,1.3,2,1,2,1,0
RGT64_20250420,RGT64,319,1.3,2,1,1,1,1
RGT64_20250420,RGT64,320,1.3,2,1,1,1,1
RGT64_20250420,RGT64,321,1.3,2,1,4,1,1
RGT64_20250420,RGT64,322,1.3,2,1,1,1,1
RGT64_20250420,RGT64,323,1.3,2,1,1,1,1
RGT64_20250420,RGT64,324,1.3,2,1,1,1,1
RGT64_20250420,RGT64,325,1.3,2,1,4,1,1
RGT64_20250420,RGT64,326,1.3,2,1,2,1,0
RGT64_20250420,RGT64,327,1.3,2,1,4,1,1
RGT64_20250420,RGT64,328,1.3,2,1,5,1,0
RGT64_20250420,RGT64,329,1.3,2,1,1,1,1
RGT64_20250420,RGT64,330,1.3,2,1,4,1,1
RGT64_20250420,RGT64,331,1.3,2,1,2,1,0
RGT64_20250420,RGT64,332,1.3,2,1,4,1,1
RGT64_20250420,RGT64,333,1.3,2,1,1,1,1
RGT64_20250420,RGT64,334,1.3,2,1,1,1,1
RGT64_20250420,RGT64,335,1.3,2,1,1,1,1
RGT64_20250420,RGT64,336,1.3,2,1,4,1,1
RGT64_20250420,RGT64,337,1.3,2,1,1,1,1
RGT64_20250420,RGT64,338,1.3,2,1,1,1,1
RGT64_20250420,RGT64,339,1.3,2,1,1,1,1
RGT64_20250420,RGT64,340,1.3,2,1,5,1,0
RGT64_20250420,RGT64,341,1.3,2,1,1,1,1
RGT64_20250420,RGT64,342,1.3,2,1,5,1,0
RGT64_20250420,RGT64,343,1.3,2,1,1,1,1
RGT64_20250420,RGT64,344,1.3,2,1,4,1,1
RGT64_20250420,RGT64,345,1.3,2,1,5,1,0
RGT64_20250420,RGT64,346,1.3,2,1,4,1,1
RGT64_20250420,RGT64,347,1.3,2,1,1,1,1
RGT64_20250420,RGT64,348,1.3,2,1,4,1,1
RGT64_20250420,RGT64,349,1.3,2,1,4,1,1
RGT64_20250420,RGT64,350,1.3,2,1,4,1,1
RGT64_20250420,RGT64,351,1.3,2,1,3,0,0
RGT64_20250420,RGT64,352,1.3,2,1,1,1,1
RGT64_20250420,RGT64,353,1.3,2,1,5,1,0
RGT64_20250420,RGT64,354,1.3,2,1,4,1,1
RGT64_20250420,RGT64,355,1.3,2,1,4,1,1
RGT64_20250420,RGT64,356,1.3,2,1,1,1,1
RGT64_20250420,RGT64,357,1.3,2,1,2,1,0
RGT64_20250420,RGT64,358,1.3,2,1,4,1,1
RGT64_20250420,RGT64,359,1.3,2,1,1,1,1
RGT64_20250420,RGT64,360,1.3,2,1,1,1,1
RGT64_20250420,RGT64,361,1.3,2,1,1,1,1
RGT64_20250420,RGT64,362,1.3,2,1,4,1,1
RGT64_20250420,RGT64,363,1.3,2,1,1,1,1
RGT64_20250420,RGT64,364,1.3,2,1,4,1,1
RGT64_20250420,RGT64,365,1.3,2,1,4,1,1
RGT64_20250420,RGT64,366,1.3,2,1,5,1,0
RGT64_20250420,RGT64,367,1.3,2,1,1,1,1
RGT64_20250420,RGT64,368,1.3,2,1,1,1,1
RGT64_20250420,RGT64,369,1.3,2,1,4,1,1
RGT64_20250420,RGT64,370,1.3,2,1,1,1,1
RGT64_20250420,RGT64,371,1.3,2,1,4,1,1
RGT64_20250420,RGT64,372,1.3,2,1,1,1,1
RGT64_20250420,RGT64,373,1.3,2,1,5,1,0
RGT64_20250420,RGT64,374,1.3,2,1,4,1,1
RGT64_20250420,RGT64,375,1.3,2,1,1,1,1
RGT64_20250420,RGT64,376,1.3,2,1,4,1,1
RGT64_20250420,RGT64,377,1.3,2,1,4,1,1
RGT64_20250420,RGT64,378,1.3,2,1,1,1,1
RGT64_20250420,RGT64,379,1.3,2,1,4,1,1
RGT64_20250420,RGT64,380,1.3,2,1,4,1,1
RGT64_20250420,RGT64,381,1.3,2,1,4,1,1
RGT64_20250420,RGT64,382,1.3,2,1,2,1,0
RGT64_20250420,RGT64,383,1.3,2,1,5,1,0
RGT64_20250420,RGT64,384,1.3,2,1,4,1,1
RGT64_20250420,RGT64,385,1.3,2,1,4,1,1
RGT64_20250420,RGT64,386,1.3,2,1,2,1,0
RGT64_20250420,RGT64,387,1.3,2,1,4,1,1
RGT64_20250420,RGT64,388,1.3,2,1,1,1,1
RGT64_20250420,RGT64,389,1.3,2,1,1,1,1
RGT64_20250420,RGT64,390,1.3,2,1,5,1,0
RGT64_20250420,RGT64,391,1.3,2,1,4,1,1
RGT64_20250420,RGT64,392,1.3,2,1,1,1,1
RGT64_20250420,RGT64,393,1.3,2,1,4,1,1
RGT64_20250420,RGT64,394,1.3,2,1,4,1,1
RGT64_20250420,RGT64,395,1.3,2,1,1,1,1
RGT64_20250420,RGT64,396,1.3,2,1,4,1,1
RGT64_20250420,RGT64,397,1.3,2,1,2,1,0
RGT64_20250421,RGT64,1,1.3,2,1,1,1,1
RGT64_20250421,RGT64,2,1.3,2,1,5,1,0
RGT64_20250421,RGT64,3,1.3,2,1,4,1,1
RGT64_20250421,RGT64,4,1.3,2,1,4,1,1
RGT64_20250421,RGT64,5,1.3,2,1,4,1,1
RGT64_20250421,RGT64,6,1.3,2,1,1,1,1
RGT64_20250421,RGT64,7,1.3,2,1,1,1,1
RGT64_20250421,RGT64,8,1.3,2,1,1,1,1
RGT64_20250421,RGT64,9,1.3,2,1,5,1,0
RGT64_20250421,RGT64,10,1.3,2,1,2,1,0
RGT64_20250421,RGT64,11,1.3,2,1,1,1,1
RGT64_20250421,RGT64,12,1.3,2,1,4,1,1
RGT64_20250421,RGT64,13,1.3,2,1,4,1,1
RGT64_20250421,RGT64,14,1.3,2,1,1,1,1
RGT64_20250421,RGT64,15,1.3,2,1,1,1,1
RGT64_20250421,RGT64,16,1.3,2,1,4,1,1
RGT64_20250421,RGT64,17,1.3,2,1,1,1,1
RGT64_20250421,RGT64,18,1.3,2,1,4,1,1
RGT64_20250421,RGT64,19,1.3,2,1,4,1,1
RGT64_20250421,RGT64,20,1.3,2,1,4,1,1
RGT64_20250421,RGT64,21,1.3,2,1,1,1,1
RGT64_20250421,RGT64,22,1.3,2,1,1,1,1
RGT64_20250421,RGT64,23,1.3,2,1,1,1,1
RGT64_20250421,RGT64,24,1.3,2,1,4,1,1
RGT64_20250421,RGT64,25,1.3,2,1,4,1,1
RGT64_20250421,RGT64,26,1.3,2,1,2,1,0
RGT64_20250421,RGT64,27,1.3,2,1,4,1,1
RGT64_20250421,RGT64,28,1.3,2,1,1,1,1
RGT64_20250421,RGT64,29,1.3,2,1,4,1,1
RGT64_20250421,RGT64,30,1.3,2,1,1,1,1
RGT64_20250421,RGT64,31,1.3,2,1,2,1,0
RGT64_20250421,RGT64,32,1.3,2,1,1,1,1
RGT64_20250421,RGT64,33,1.3,2,1,4,1,1
RGT64_20250421,RGT64,34,1.3,2,1,2,1,0
RGT64_20250421,RGT64,35,1.3,2,1,1,1,1
RGT64_20250421,RGT64,36,1.3,2,1,4,1,1
RGT64_20250421,RGT64,37,1.3,2,1,1,1,1
RGT64_20250421,RGT64,38,1.3,2,1,2,1,0
RGT64_20250421,RGT64,39,1.3,2,1,4,1,1
RGT64_20250421,RGT64,40,1.3,2,1,1,1,1
RGT64_20250421,RGT64,41,1.3,2,1,1,1,1
RGT64_20250421,RGT64,42,1.3,2,1,1,1,1
RGT64_20250421,RGT64,43,1.3,2,1,4,1,1
RGT64_20250421,RGT64,44,1.3,2,1,1,1,1
RGT64_20250421,RGT64,45,1.3,2,1,4,1,1
RGT64_20250421,RGT64,46,1.3,2,1,1,1,1
RGT64_20250421,RGT64,47,1.3,2,1,4,1,1
RGT64_20250421,RGT64,48,1.3,2,1,4,1,1
RGT64_20250421,RGT64,49,1.3,2,1,1,1,1
RGT64_20250421,RGT64,50,1.3,2,1,2,1,0
RGT64_20250421,RGT64,51,1.3,2,1,2,1,0
RGT64_20250421,RGT64,52,1.3,2,1,5,1,0
RGT64_20250421,RGT64,53,1.3,2,1,4,1,1
RGT64_20250421,RGT64,54,1.3,2,1,1,1,1
RGT64_20250421,RGT64,55,1.3,2,1,1,1,1
RGT64_20250421,RGT64,56,1.3,2,1,4,1,1
RGT64_20250421,RGT64,57,1.3,2,1,1,1,1
RGT64_20250421,RGT64,58,1.3,2,1,1,1,1
RGT64_20250421,RGT64,59,1.3,2,1,1,1,1
RGT64_20250421,RGT64,60,1.3,2,1,4,1,1
RGT64_20250421,RGT64,61,1.3,2,1,4,1,1
RGT64_20250421,RGT64,62,1.3,2,1,1,1,1
RGT64_20250421,RGT64,63,1.3,2,1,2,1,0
RGT64_20250421,RGT64,64,1.3,2,1,1,1,1
RGT64_20250421,RGT64,65,1.3,2,1,4,1,1
RGT64_20250421,RGT64,66,1.3,2,1,4,1,1
RGT64_20250421,RGT64,67,1.3,2,1,4,1,1
RGT64_20250421,RGT64,68,1.3,2,1,1,1,1
RGT64_20250421,RGT64,69,1.3,2,1,1,1,1
RGT64_20250421,RGT64,70,1.3,2,1,4,1,1
RGT64_20250421,RGT64,71,1.3,2,1,5,1,0
RGT64_20250421,RGT64,72,1.3,2,1,5,1,0
RGT64_20250421,RGT64,73,1.3,2,1,1,1,1
RGT64_20250421,RGT64,74,1.3,2,1,1,1,1
RGT64_20250421,RGT64,75,1.3,2,1,4,1,1
RGT64_20250421,RGT64,76,1.3,2,1,4,1,1
RGT64_20250421,RGT64,77,1.3,2,1,1,1,1
RGT64_20250421,RGT64,78,1.3,2,1,2,1,0
RGT64_20250421,RGT64,79,1.3,2,1,5,1,0
RGT64_20250421,RGT64,80,1.3,2,1,1,1,1
RGT64_20250421,RGT64,81,1.3,2,1,5,1,0
RGT64_20250421,RGT64,82,1.3,2,1,1,1,1
RGT64_20250421,RGT64,83,1.3,2,1,5,1,0
RGT64_20250421,RGT64,84,1.3,2,1,4,1,1
RGT64_20250421,RGT64,85,1.3,2,1,1,1,1
RGT64_20250421,RGT64,86,1.3,2,1,4,1,1
RGT64_20250421,RGT64,87,1.3,2,1,4,1,1
RGT64_20250421,RGT64,88,1.3,2,1,1,1,1
RGT64_20250421,RGT64,89,1.3,2,1,1,1,1
RGT64_20250421,RGT64,90,1.3,2,1,4,1,1
RGT64_20250421,RGT64,91,1.3,2,1,4,1,1
RGT64_20250421,RGT64,92,1.3,2,1,4,1,1
RGT64_20250421,RGT64,93,1.3,2,1,1,1,1
RGT64_20250421,RGT64,94,1.3,2,1,4,1,1
RGT64_20250421,RGT64,95,1.3,2,1,4,1,1
RGT64_20250421,RGT64,96,1.3,2,1,4,1,1
RGT64_20250421,RGT64,97,1.3,2,1,1,1,1
RGT64_20250421,RGT64,98,1.3,2,1,2,1,0
RGT64_20250421,RGT64,99,1.3,2,1,4,1,1
RGT64_20250421,RGT64,100,1.3,2,1,5,1,0
RGT64_20250421,RGT64,101,1.3,2,1,5,1,0
RGT64_20250421,RGT64,102,1.3,2,1,1,1,1
RGT64_20250421,RGT64,103,1.3,2,1,5,1,0
RGT64_20250421,RGT64,104,1.3,2,1,5,1,0
RGT64_20250421,RGT64,105,1.3,2,1,4,1,1
RGT64_20250421,RGT64,106,1.3,1,2,2,1,0
RGT64_20250421,RGT64,107,1.3,1,2,1,1,1
RGT64_20250421,RGT64,108,1.3,1,2,1,1,1
RGT64_20250421,RGT64,109,1.3,1,2,4,1,1
RGT64_20250421,RGT64,110,1.3,1,2,4,1,1
RGT64_20250421,RGT64,111,1.3,1,2,1,1,1
RGT64_20250421,RGT64,112,1.3,1,2,4,1,1
RGT64_20250421,RGT64,113,1.3,1,2,4,1,1
RGT64_20250421,RGT64,114,1.3,1,2,4,1,1
RGT64_20250421,RGT64,115,1.3,1,2,2,1,0
RGT64_20250421,RGT64,116,1.3,1,2,1,1,1
RGT64_20250421,RGT64,117,1.3,1,2,1,1,1
RGT64_20250421,RGT64,118,1.3,1,2,5,1,0
RGT64_20250421,RGT64,119,1.3,1,2,4,1,1
RGT64_20250421,RGT64,120,1.3,1,2,1,1,1
RGT64_20250421,RGT64,121,1.3,1,2,4,1,1
RGT64_20250421,RGT64,122,1.3,1,2,1,1,1
RGT64_20250421,RGT64,123,1.3,1,2,1,1,1
RGT64_20250421,RGT64,124,1.3,1,2,2,1,0
RGT64_20250421,RGT64,125,1.3,1,2,4,1,1
RGT64_20250421,RGT64,126,1.3,1,2,4,1,1
RGT64_20250421,RGT64,127,1.3,1,2,2,1,0
RGT64_20250421,RGT64,128,1.3,1,2,4,1,1
RGT64_20250421,RGT64,129,1.3,1,2,2,1,0
RGT64_20250421,RGT64,130,1.3,1,2,1,1,1
RGT64_20250421,RGT64,131,1.3,1,2,1,1,1
RGT64_20250421,RGT64,132,1.3,1,2,4,1,1
RGT64_20250421,RGT64,133,1.3,1,2,4,1,1
RGT64_20250421,RGT64,134,1.3,1,2,1,1,1
RGT64_20250421,RGT64,135,1.3,1,2,4,1,1
RGT64_20250421,RGT64,136,1.3,1,2,1,1,1
RGT64_20250421,RGT64,137,1.3,1,2,2,1,0
RGT64_20250421,RGT64,138,1.3,1,2,4,1,1
RGT64_20250421,RGT64,139,1.3,1,2,1,1,1
RGT64_20250421,RGT64,140,1.3,1,2,1,1,1
RGT64_20250421,RGT64,141,1.3,1,2,4,1,1
RGT64_20250421,RGT64,142,1.3,1,2,4,1,1
RGT64_20250421,RGT64,143,1.3,1,2,2,1,0
RGT64_20250421,RGT64,144,1.3,1,2,1,1,1
RGT64_20250421,RGT64,145,1.3,1,2,1,1,1
RGT64_20250421,RGT64,146,1.3,1,2,4,1,1
RGT64_20250421,RGT64,147,1.3,1,2,2,1,0
RGT64_20250421,RGT64,148,1.3,1,2,1,1,1
RGT64_20250421,RGT64,149,1.3,1,2,2,1,0
RGT64_20250421,RGT64,150,1.3,1,2,4,1,1
RGT64_20250421,RGT64,151,1.3,1,2,4,1,1
RGT64_20250421,RGT64,152,1.3,1,2,1,1,1
RGT64_20250421,RGT64,153,1.3,1,2,1,1,1
RGT64_20250421,RGT64,154,1.3,1,2,1,1,1
RGT64_20250421,RGT64,155,1.3,1,2,5,1,0
RGT64_20250421,RGT64,156,1.3,1,2,2,1,0
RGT64_20250421,RGT64,157,1.3,1,2,1,1,1
RGT64_20250421,RGT64,158,1.3,1,2,1,1,1
RGT64_20250421,RGT64,159,1.3,1,2,4,1,1
RGT64_20250421,RGT64,160,1.3,1,2,1,1,1
RGT64_20250421,RGT64,161,1.3,1,2,2,1,0
RGT64_20250421,RGT64,162,1.3,1,2,3,0,0
RGT64_20250421,RGT64,163,1.3,1,2,4,1,1
RGT64_20250421,RGT64,164,1.3,1,2,1,1,1
RGT64_20250421,RGT64,165,1.3,1,2,4,1,1
RGT64_20250421,RGT64,166,1.3,1,2,1,1,1
RGT64_20250421,RGT64,167,1.3,1,2,2,1,0
RGT64_20250421,RGT64,168,1.3,1,2,1,1,1
RGT64_20250421,RGT64,169,1.3,1,2,4,1,1
RGT64_20250421,RGT64,170,1.3,1,2,1,1,1
RGT64_20250421,RGT64,171,1.3,1,2,4,1,1
RGT64_20250421,RGT64,172,1.3,1,2,2,1,0
RGT64_20250421,RGT64,173,1.3,1,2,2,1,0
RGT64_20250421,RGT64,174,1.3,1,2,1,1,1
RGT64_20250421,RGT64,175,1.3,1,2,4,1,1
RGT64_20250421,RGT64,176,1.3,1,2,2,1,0
RGT64_20250421,RGT64,177,1.3,1,2,2,1,0
RGT64_20250421,RGT64,178,1.3,1,2,1,1,1
RGT64_20250421,RGT64,179,1.3,1,2,4,1,1
RGT64_20250421,RGT64,180,1.3,1,2,4,1,1
RGT64_20250421,RGT64,181,1.3,1,2,1,1,1
RGT64_20250421,RGT64,182,1.3,1,2,1,1,1
RGT64_20250421,RGT64,183,1.3,1,2,1,1,1
RGT64_20250421,RGT64,184,1.3,1,2,5,1,0
RGT64_20250421,RGT64,185,1.3,1,2,4,1,1
RGT64_20250421,RGT64,186,1.3,1,2,2,1,0
RGT64_20250421,RGT64,187,1.3,1,2,4,1,1
RGT64_20250421,RGT64,188,1.3,1,2,5,1,0
RGT64_20250421,RGT64,189,1.3,1,2,4,1,1
RGT64_20250421,RGT64,190,1.3,1,2,1,1,1
RGT64_20250421,RGT64,191,1.3,1,2,1,1,1
RGT64_20250421,RGT64,192,1.3,1,2,1,1,1
RGT64_20250421,RGT64,193,1.3,1,2,4,1,1
RGT64_20250421,RGT64,194,1.3,1,2,2,1,0
RGT64_20250421,RGT64,195,1.3,1,2,1,1,1
RGT64_20250421,RGT64,196,1.3,1,2,1,1,1
RGT64_20250421,RGT64,197,1.3,1,2,4,1,1
RGT64_20250421,RGT64,198,1.3,1,2,1,1,1
RGT64_20250421,RGT64,199,1.3,1,2,1,1,1
RGT64_20250421,RGT64,200,1.3,1,2,4,1,1
RGT64_20250421,RGT64,201,1.3,1,2,4,1,1
RGT64_20250421,RGT64,202,1.3,1,2,2,1,0
RGT64_20250421,RGT64,203,1.3,1,2,1,1,1
RGT64_20250421,RGT64,204,1.3,1,2,1,1,1
RGT64_20250421,RGT64,205,1.3,1,2,4,1,1
RGT64_20250421,RGT64,206,1.3,1,2,2,1,0
RGT64_20250421,RGT64,207,1.3,1,2,1,1,1
RGT64_20250421,RGT64,208,1.3,1,2,1,1,1
RGT64_20250421,RGT64,209,1.3,1,2,5,1,0
RGT64_20250421,RGT64,210,1.3,1,2,1,1,1
RGT64_20250421,RGT64,211,1.3,1,2,2,1,0
RGT64_20250421,RGT64,212,1.3,1,2,1,1,1
RGT64_20250421,RGT64,213,1.3,1,2,4,1,1
RGT64_20250421,RGT64,214,1.3,1,2,3,0,0
RGT64_20250421,RGT64,215,1.3,1,2,1,1,1
RGT64_20250421,RGT64,216,1.3,1,2,3,0,0
RGT64_20250421,RGT64,217,1.3,1,2,4,1,1
RGT64_20250421,RGT64,218,1.3,1,2,2,1,0
RGT64_20250421,RGT64,219,1.3,1,2,1,1,1
RGT64_20250421,RGT64,220,1.3,1,2,4,1,1
RGT64_20250421,RGT64,221,1.3,1,2,1,1,1
RGT64_20250421,RGT64,222,1.3,1,2,6,0,0
RGT64_20250421,RGT64,223,1.3,1,2,6,0,0
RGT64_20250421,RGT64,224,1.3,1,2,1,1,1
RGT64_20250421,RGT64,225,1.3,1,2,4,1,1
RGT64_20250421,RGT64,226,1.3,1,2,2,1,0
RGT64_20250421,RGT64,227,1.3,1,2,4,1,1
RGT64_20250421,RGT64,228,1.3,1,2,6,0,0
RGT64_20250421,RGT64,229,1.3,1,2,2,1,0
RGT64_20250421,RGT64,230,1.3,1,2,1,1,1
RGT64_20250421,RGT64,231,1.3,1,2,1,1,1
RGT64_20250421,RGT64,232,1.3,1,2,4,1,1
RGT64_20250421,RGT64,233,1.3,1,2,1,1,1
RGT64_20250421,RGT64,234,1.3,1,2,4,1,1
RGT64_20250421,RGT64,235,1.3,1,2,1,1,1
RGT64_20250421,RGT64,236,1.3,1,2,1,1,1
RGT64_20250421,RGT64,237,1.3,1,2,1,1,1
RGT64_20250421,RGT64,238,1.3,1,2,4,1,1
RGT64_20250421,RGT64,239,1.3,1,2,2,1,0
RGT64_20250421,RGT64,240,1.3,1,2,2,1,0
RGT64_20250421,RGT64,241,1.3,1,2,1,1,1
RGT64_20250421,RGT64,242,1.3,1,2,4,1,1
RGT64_20250421,RGT64,243,1.3,1,2,1,1,1
RGT64_20250421,RGT64,244,1.3,1,2,1,1,1
RGT64_20250421,RGT64,245,1.3,1,2,4,1,1
RGT64_20250421,RGT64,246,1.3,1,2,1,1,1
RGT64_20250421,RGT64,247,1.3,1,2,1,1,1
RGT64_20250421,RGT64,248,1.3,1,2,4,1,1
RGT64_20250421,RGT64,249,1.3,1,2,1,1,1
RGT64_20250421,RGT64,250,1.3,1,2,1,1,1
RGT64_20250421,RGT64,251,1.3,1,2,1,1,1
RGT64_20250421,RGT64,252,1.3,1,2,4,1,1
RGT64_20250421,RGT64,253,1.3,1,2,1,1,1
RGT64_20250421,RGT64,254,1.3,1,2,1,1,1
RGT64_20250421,RGT64,255,1.3,1,2,4,1,1
RGT64_20250421,RGT64,256,1.3,1,2,2,1,0
RGT64_20250421,RGT64,257,1.3,1,2,1,1,1
RGT64_20250421,RGT64,258,1.3,1,2,1,1,1
RGT64_20250421,RGT64,259,1.3,1,2,4,1,1
RGT64_20250421,RGT64,260,1.3,1,2,4,1,1
RGT64_20250421,RGT64,261,1.3,1,2,1,1,1
RGT64_20250421,RGT64,262,1.3,1,2,1,1,1
RGT64_20250421,RGT64,263,1.3,1,2,4,1,1
RGT64_20250421,RGT64,264,1.3,1,2,1,1,1
RGT64_20250421,RGT64,265,1.3,1,2,4,1,1
RGT64_20250421,RGT64,266,1.3,1,2,1,1,1
RGT64_20250421,RGT64,267,1.3,1,2,4,1,1
RGT64_20250421,RGT64,268,1.3,1,2,2,1,0
RGT64_20250421,RGT64,269,1.3,1,2,1,1,1
RGT64_20250421,RGT64,270,1.3,1,2,4,1,1
RGT64_20250421,RGT64,271,1.3,1,2,1,1,1
RGT64_20250421,RGT64,272,1.3,1,2,1,1,1
RGT64_20250421,RGT64,273,1.3,1,2,1,1,1
RGT64_20250421,RGT64,274,1.3,1,2,4,1,1
RGT64_20250421,RGT64,275,1.3,1,2,3,0,0
RGT64_20250421,RGT64,276,1.3,1,2,4,1,1
RGT64_20250421,RGT64,277,1.3,1,2,4,1,1
RGT64_20250421,RGT64,278,1.3,1,2,4,1,1
RGT64_20250421,RGT64,279,1.3,1,2,1,1,1
RGT64_20250421,RGT64,280,1.3,1,2,5,1,0
RGT64_20250421,RGT64,281,1.3,1,2,1,1,1
RGT64_20250421,RGT64,282,1.3,1,2,1,1,1
RGT64_20250421,RGT64,283,1.3,1,2,1,1,1
RGT64_20250421,RGT64,284,1.3,1,2,4,1,1
RGT64_20250421,RGT64,285,1.3,1,2,1,1,1
RGT64_20250421,RGT64,286,1.3,1,2,1,1,1
RGT64_20250421,RGT64,287,1.3,1,2,2,1,0
RGT64_20250421,RGT64,288,1.3,1,2,4,1,1
RGT64_20250421,RGT64,289,1.3,1,2,1,1,1
RGT64_20250421,RGT64,290,1.3,1,2,4,1,1
RGT64_20250421,RGT64,291,1.3,1,2,1,1,1
RGT64_20250421,RGT64,292,1.3,1,2,1,1,1
RGT64_20250421,RGT64,293,1.3,1,2,1,1,1
RGT64_20250421,RGT64,294,1.3,1,2,4,1,1
RGT64_20250421,RGT64,295,1.3,1,2,1,1,1
RGT64_20250421,RGT64,296,1.3,1,2,1,1,1
RGT64_20250421,RGT64,297,1.3,1,2,4,1,1
RGT64_20250421,RGT64,298,1.3,1,2,1,1,1
RGT64_20250421,RGT64,299,1.3,1,2,4,1,1
RGT64_20250421,RGT64,300,1.3,1,2,1,1,1
RGT64_20250421,RGT64,301,1.3,1,2,1,1,1
RGT64_20250421,RGT64,302,1.3,1,2,1,1,1
RGT64_20250421,RGT64,303,1.3,1,2,4,1,1
RGT64_20250421,RGT64,304,1.3,1,2,2,1,0
RGT64_20250421,RGT64,305,1.3,1,2,2,1,0
RGT64_20250421,RGT64,306,1.3,1,2,4,1,1
RGT64_20250421,RGT64,307,1.3,1,2,1,1,1
RGT64_20250421,RGT64,308,1.3,1,2,1,1,1
RGT64_20250421,RGT64,309,1.3,1,2,1,1,1
RGT64_20250421,RGT64,310,1.3,1,2,5,1,0
RGT64_20250421,RGT64,311,1.3,1,2,1,1,1
RGT64_20250421,RGT64,312,1.3,1,2,4,1,1
RGT64_20250421,RGT64,313,1.3,1,2,5,1,0
RGT64_20250421,RGT64,314,1.3,1,2,1,1,1
RGT64_20250421,RGT64,315,1.3,1,2,6,0,0
RGT64_20250421,RGT64,316,1.3,1,2,5,1,0
RGT64_20250421,RGT64,317,1.3,1,2,6,0,0
RGT64_20250421,RGT64,318,1.3,1,2,4,1,1
RGT64_20250421,RGT64,319,1.3,1,2,1,1,1
RGT64_20250421,RGT64,320,1.3,1,2,1,1,1
RGT64_20250421,RGT64,321,1.3,1,2,5,1,0
RGT64_20250421,RGT64,322,1.3,1,2,5,1,0
RGT64_20250421,RGT64,323,1.3,1,2,5,1,0
RGT67_20250401,RGT67,1,1.3,1,2,1,1,1
RGT67_20250401,RGT67,2,1.3,1,2,1,1,1
RGT67_20250401,RGT67,3,1.3,1,2,4,1,1
RGT67_20250401,RGT67,4,1.3,1,2,1,1,1
RGT67_20250401,RGT67,5,1.3,1,2,5,1,0
RGT67_20250401,RGT67,6,1.3,1,2,4,1,1
RGT67_20250401,RGT67,7,1.3,1,2,1,1,1
RGT67_20250401,RGT67,8,1.3,1,2,1,1,1
RGT67_20250401,RGT67,9,1.3,1,2,1,1,1
RGT67_20250401,RGT67,10,1.3,1,2,4,1,1
RGT67_20250401,RGT67,11,1.3,1,2,4,1,1
RGT67_20250401,RGT67,12,1.3,1,2,4,1,1
RGT67_20250401,RGT67,13,1.3,1,2,1,1,1
RGT67_20250401,RGT67,14,1.3,1,2,1,1,1
RGT67_20250401,RGT67,15,1.3,1,2,4,1,1
RGT67_20250401,RGT67,16,1.3,1,2,5,1,0
RGT67_20250401,RGT67,17,1.3,1,2,4,1,1
RGT67_20250401,RGT67,18,1.3,1,2,1,1,1
RGT67_20250401,RGT67,19,1.3,1,2,1,1,1
RGT67_20250401,RGT67,20,1.3,1,2,4,1,1
RGT67_20250401,RGT67,21,1.3,1,2,4,1,1
RGT67_20250401,RGT67,22,1.3,1,2,4,1,1
RGT67_20250401,RGT67,23,1.3,1,2,2,1,0
RGT67_20250401,RGT67,24,1.3,1,2,4,1,1
RGT67_20250401,RGT67,25,1.3,1,2,4,1,1
RGT67_20250401,RGT67,26,1.3,1,2,1,1,1
RGT67_20250401,RGT67,27,1.3,1,2,4,1,1
RGT67_20250401,RGT67,28,1.3,1,2,1,1,1
RGT67_20250401,RGT67,29,1.3,1,2,4,1,1
RGT67_20250401,RGT67,30,1.3,1,2,1,1,1
RGT67_20250401,RGT67,31,1.3,1,2,2,1,0
RGT67_20250401,RGT67,32,1.3,1,2,4,1,1
RGT67_20250401,RGT67,33,1.3,1,2,4,1,1
RGT67_20250401,RGT67,34,1.3,1,2,1,1,1
RGT67_20250401,RGT67,35,1.3,1,2,1,1,1
RGT67_20250401,RGT67,36,1.3,1,2,4,1,1
RGT67_20250401,RGT67,37,1.3,1,2,1,1,1
RGT67_20250401,RGT67,38,1.3,1,2,1,1,1
RGT67_20250401,RGT67,39,1.3,1,2,1,1,1
RGT67_20250401,RGT67,40,1.3,1,2,4,1,1
RGT67_20250401,RGT67,41,1.3,1,2,1,1,1
RGT67_20250401,RGT67,42,1.3,1,2,1,1,1
RGT67_20250401,RGT67,43,1.3,1,2,5,1,0
RGT67_20250401,RGT67,44,1.3,1,2,1,1,1
RGT67_20250401,RGT67,45,1.3,1,2,4,1,1
RGT67_20250401,RGT67,46,1.3,1,2,4,1,1
RGT67_20250401,RGT67,47,1.3,1,2,1,1,1
RGT67_20250401,RGT67,48,1.3,1,2,1,1,1
RGT67_20250401,RGT67,49,1.3,1,2,1,1,1
RGT67_20250401,RGT67,50,1.3,1,2,4,1,1
RGT67_20250401,RGT67,51,1.3,1,2,4,1,1
RGT67_20250401,RGT67,52,1.3,1,2,4,1,1
RGT67_20250401,RGT67,53,1.3,1,2,1,1,1
RGT67_20250401,RGT67,54,1.3,1,2,4,1,1
RGT67_20250401,RGT67,55,1.3,1,2,4,1,1
RGT67_20250401,RGT67,56,1.3,1,2,4,1,1
RGT67_20250401,RGT67,57,1.3,1,2,2,1,0
RGT67_20250401,RGT67,58,1.3,1,2,4,1,1
RGT67_20250401,RGT67,59,1.3,1,2,1,1,1
RGT67_20250401,RGT67,60,1.3,1,2,4,1,1
RGT67_20250401,RGT67,61,1.3,1,2,2,1,0
RGT67_20250401,RGT67,62,1.3,1,2,4,1,1
RGT67_20250401,RGT67,63,1.3,1,2,1,1,1
RGT67_20250401,RGT67,64,1.3,1,2,1,1,1
RGT67_20250401,RGT67,65,1.3,1,2,1,1,1
RGT67_20250401,RGT67,66,1.3,1,2,4,1,1
RGT67_20250401,RGT67,67,1.3,1,2,1,1,1
RGT67_20250401,RGT67,68,1.3,1,2,1,1,1
RGT67_20250401,RGT67,69,1.3,1,2,1,1,1
RGT67_20250401,RGT67,70,1.3,1,2,4,1,1
RGT67_20250401,RGT67,71,1.3,1,2,1,1,1
RGT67_20250401,RGT67,72,1.3,1,2,2,1,0
RGT67_20250401,RGT67,73,1.3,1,2,2,1,0
RGT67_20250401,RGT67,74,1.3,1,2,4,1,1
RGT67_20250401,RGT67,75,1.3,1,2,1,1,1
RGT67_20250401,RGT67,76,1.3,1,2,1,1,1
RGT67_20250401,RGT67,77,1.3,1,2,1,1,1
RGT67_20250401,RGT67,78,1.3,1,2,4,1,1
RGT67_20250401,RGT67,79,1.3,1,2,1,1,1
RGT67_20250401,RGT67,80,1.3,1,2,1,1,1
RGT67_20250401,RGT67,81,1.3,1,2,1,1,1
RGT67_20250401,RGT67,82,1.3,1,2,4,1,1
RGT67_20250401,RGT67,83,1.3,1,2,5,1,0
RGT67_20250401,RGT67,84,1.3,1,2,1,1,1
RGT67_20250401,RGT67,85,1.3,1,2,1,1,1
RGT67_20250401,RGT67,86,1.3,1,2,1,1,1
RGT67_20250401,RGT67,87,1.3,1,2,4,1,1
RGT67_20250401,RGT67,88,1.3,1,2,4,1,1
RGT67_20250401,RGT67,89,1.3,1,2,1,1,1
RGT67_20250401,RGT67,90,1.3,1,2,1,1,1
RGT67_20250401,RGT67,91,1.3,1,2,1,1,1
RGT67_20250401,RGT67,92,1.3,1,2,4,1,1
RGT67_20250401,RGT67,93,1.3,1,2,1,1,1
RGT67_20250401,RGT67,94,1.3,1,2,4,1,1
RGT67_20250401,RGT67,95,1.3,1,2,4,1,1
RGT67_20250401,RGT67,96,1.3,1,2,4,1,1
RGT67_20250401,RGT67,97,1.3,1,2,2,1,0
RGT67_20250401,RGT67,98,1.3,1,2,4,1,1
RGT67_20250401,RGT67,99,1.3,1,2,5,1,0
RGT67_20250401,RGT67,100,1.3,1,2,4,1,1
RGT67_20250401,RGT67,101,1.3,2,1,1,1,1
RGT67_20250401,RGT67,102,1.3,2,1,1,1,1
RGT67_20250401,RGT67,103,1.3,2,1,1,1,1
RGT67_20250401,RGT67,104,1.3,2,1,4,1,1
RGT67_20250401,RGT67,105,1.3,2,1,1,1,1
RGT67_20250401,RGT67,106,1.3,2,1,2,1,0
RGT67_20250401,RGT67,107,1.3,2,1,4,1,1
RGT67_20250401,RGT67,108,1.3,2,1,1,1,1
RGT67_20250401,RGT67,109,1.3,2,1,4,1,1
RGT67_20250401,RGT67,110,1.3,2,1,4,1,1
RGT67_20250401,RGT67,111,1.3,2,1,4,1,1
RGT67_20250401,RGT67,112,1.3,2,1,1,1,1
RGT67_20250401,RGT67,113,1.3,2,1,1,1,1
RGT67_20250401,RGT67,114,1.3,2,1,4,1,1
RGT67_20250401,RGT67,115,1.3,2,1,5,1,0
RGT67_20250401,RGT67,116,1.3,2,1,4,1,1
RGT67_20250401,RGT67,117,1.3,2,1,1,1,1
RGT67_20250401,RGT67,118,1.3,2,1,4,1,1
RGT67_20250401,RGT67,119,1.3,2,1,4,1,1
RGT67_20250401,RGT67,120,1.3,2,1,2,1,0
RGT67_20250401,RGT67,121,1.3,2,1,1,1,1
RGT67_20250401,RGT67,122,1.3,2,1,1,1,1
RGT67_20250401,RGT67,123,1.3,2,1,4,1,1
RGT67_20250401,RGT67,124,1.3,2,1,4,1,1
RGT67_20250401,RGT67,125,1.3,2,1,1,1,1
RGT67_20250401,RGT67,126,1.3,2,1,1,1,1
RGT67_20250401,RGT67,127,1.3,2,1,4,1,1
RGT67_20250401,RGT67,128,1.3,2,1,1,1,1
RGT67_20250401,RGT67,129,1.3,2,1,4,1,1
RGT67_20250401,RGT67,130,1.3,2,1,4,1,1
RGT67_20250401,RGT67,131,1.3,2,1,4,1,1
RGT67_20250401,RGT67,132,1.3,2,1,1,1,1
RGT67_20250401,RGT67,133,1.3,2,1,4,1,1
RGT67_20250401,RGT67,134,1.3,2,1,1,1,1
RGT67_20250401,RGT67,135,1.3,2,1,4,1,1
RGT67_20250401,RGT67,136,1.3,2,1,4,1,1
RGT67_20250401,RGT67,137,1.3,2,1,1,1,1
RGT67_20250401,RGT67,138,1.3,2,1,1,1,1
RGT67_20250401,RGT67,139,1.3,2,1,1,1,1
RGT67_20250401,RGT67,140,1.3,2,1,4,1,1
RGT67_20250401,RGT67,141,1.3,2,1,1,1,1
RGT67_20250401,RGT67,142,1.3,2,1,1,1,1
RGT67_20250401,RGT67,143,1.3,2,1,1,1,1
RGT67_20250401,RGT67,144,1.3,2,1,5,1,0
RGT67_20250401,RGT67,145,1.3,2,1,4,1,1
RGT67_20250401,RGT67,146,1.3,2,1,4,1,1
RGT67_20250401,RGT67,147,1.3,2,1,1,1,1
RGT67_20250401,RGT67,148,1.3,2,1,4,1,1
RGT67_20250401,RGT67,149,1.3,2,1,4,1,1
RGT67_20250401,RGT67,150,1.3,2,1,4,1,1
RGT67_20250401,RGT67,151,1.3,2,1,1,1,1
RGT67_20250401,RGT67,152,1.3,2,1,4,1,1
RGT67_20250401,RGT67,153,1.3,2,1,4,1,1
RGT67_20250401,RGT67,154,1.3,2,1,5,1,0
RGT67_20250401,RGT67,155,1.3,2,1,1,1,1
RGT67_20250401,RGT67,156,1.3,2,1,4,1,1
RGT67_20250401,RGT67,157,1.3,2,1,4,1,1
RGT67_20250401,RGT67,158,1.3,2,1,4,1,1
RGT67_20250401,RGT67,159,1.3,2,1,1,1,1
RGT67_20250401,RGT67,160,1.3,2,1,4,1,1
RGT67_20250401,RGT67,161,1.3,2,1,4,1,1
RGT67_20250401,RGT67,162,1.3,2,1,4,1,1
RGT67_20250401,RGT67,163,1.3,2,1,1,1,1
RGT67_20250401,RGT67,164,1.3,2,1,4,1,1
RGT67_20250401,RGT67,165,1.3,2,1,4,1,1
RGT67_20250401,RGT67,166,1.3,2,1,4,1,1
RGT67_20250401,RGT67,167,1.3,2,1,1,1,1
RGT67_20250401,RGT67,168,1.3,2,1,4,1,1
RGT67_20250401,RGT67,169,1.3,2,1,4,1,1
RGT67_20250401,RGT67,170,1.3,2,1,4,1,1
RGT67_20250401,RGT67,171,1.3,2,1,2,1,0
RGT67_20250401,RGT67,172,1.3,2,1,2,1,0
RGT67_20250401,RGT67,173,1.3,2,1,1,1,1
RGT67_20250401,RGT67,174,1.3,2,1,5,1,0
RGT67_20250401,RGT67,175,1.3,2,1,4,1,1
RGT67_20250401,RGT67,176,1.3,2,1,1,1,1
RGT67_20250401,RGT67,177,1.3,2,1,1,1,1
RGT67_20250401,RGT67,178,1.3,2,1,4,1,1
RGT67_20250401,RGT67,179,1.3,2,1,1,1,1
RGT67_20250401,RGT67,180,1.3,2,1,4,1,1
RGT67_20250401,RGT67,181,1.3,2,1,1,1,1
RGT67_20250401,RGT67,182,1.3,2,1,5,1,0
RGT67_20250401,RGT67,183,1.3,2,1,1,1,1
RGT67_20250401,RGT67,184,1.3,2,1,4,1,1
RGT67_20250401,RGT67,185,1.3,2,1,4,1,1
RGT67_20250401,RGT67,186,1.3,2,1,1,1,1
RGT67_20250401,RGT67,187,1.3,2,1,1,1,1
RGT67_20250401,RGT67,188,1.3,2,1,4,1,1
RGT67_20250401,RGT67,189,1.3,2,1,1,1,1
RGT67_20250401,RGT67,190,1.3,2,1,1,1,1
RGT67_20250401,RGT67,191,1.3,2,1,1,1,1
RGT67_20250401,RGT67,192,1.3,2,1,4,1,1
RGT67_20250401,RGT67,193,1.3,2,1,2,1,0
RGT67_20250401,RGT67,194,1.3,2,1,4,1,1
RGT67_20250401,RGT67,195,1.3,2,1,1,1,1
RGT67_20250401,RGT67,196,1.3,2,1,4,1,1
RGT67_20250401,RGT67,197,1.3,2,1,4,1,1
RGT67_20250401,RGT67,198,1.3,2,1,1,1,1
RGT67_20250401,RGT67,199,1.3,2,1,4,1,1
RGT67_20250401,RGT67,200,1.3,2,1,1,1,1
RGT67_20250401,RGT67,201,1.3,2,1,4,1,1
RGT67_20250401,RGT67,202,1.3,2,1,1,1,1
RGT67_20250401,RGT67,203,1.3,2,1,4,1,1
RGT67_20250401,RGT67,204,1.3,2,1,1,1,1
RGT67_20250401,RGT67,205,1.3,2,1,1,1,1
RGT67_20250401,RGT67,206,1.3,2,1,2,1,0
RGT67_20250401,RGT67,207,1.3,2,1,4,1,1
RGT67_20250401,RGT67,208,1.3,2,1,1,1,1
RGT67_20250401,RGT67,209,1.3,2,1,4,1,1
RGT67_20250401,RGT67,210,1.3,2,1,4,1,1
RGT67_20250401,RGT67,211,1.3,2,1,1,1,1
RGT67_20250401,RGT67,212,1.3,2,1,4,1,1
RGT67_20250401,RGT67,213,1.3,2,1,4,1,1
RGT67_20250401,RGT67,214,1.3,2,1,1,1,1
RGT67_20250401,RGT67,215,1.3,2,1,1,1,1
RGT67_20250401,RGT67,216,1.3,2,1,1,1,1
RGT67_20250401,RGT67,217,1.3,2,1,4,1,1
RGT67_20250401,RGT67,218,1.3,2,1,2,1,0
RGT67_20250401,RGT67,219,1.3,2,1,2,1,0
RGT67_20250401,RGT67,220,1.3,2,1,1,1,1
RGT67_20250401,RGT67,221,1.3,2,1,4,1,1
RGT67_20250401,RGT67,222,1.3,2,1,2,1,0
RGT67_20250401,RGT67,223,1.3,2,1,1,1,1
RGT67_20250401,RGT67,224,1.3,2,1,1,1,1
RGT67_20250401,RGT67,225,1.3,2,1,4,1,1
RGT67_20250401,RGT67,226,1.3,2,1,4,1,1
RGT67_20250401,RGT67,227,1.3,2,1,4,1,1
RGT67_20250401,RGT67,228,1.3,2,1,1,1,1
RGT67_20250401,RGT67,229,1.3,2,1,1,1,1
RGT67_20250401,RGT67,230,1.3,2,1,1,1,1
RGT67_20250401,RGT67,231,1.3,2,1,5,1,0
RGT67_20250401,RGT67,232,1.3,2,1,5,1,0
RGT67_20250401,RGT67,233,1.3,2,1,1,1,1
RGT67_20250401,RGT67,234,1.3,2,1,1,1,1
RGT67_20250401,RGT67,235,1.3,2,1,4,1,1
RGT67_20250401,RGT67,236,1.3,2,1,4,1,1
RGT67_20250401,RGT67,237,1.3,2,1,4,1,1
RGT67_20250401,RGT67,238,1.3,2,1,1,1,1
RGT67_20250401,RGT67,239,1.3,2,1,1,1,1
RGT67_20250401,RGT67,240,1.3,2,1,4,1,1
RGT67_20250401,RGT67,241,1.3,2,1,4,1,1
RGT67_20250401,RGT67,242,1.3,2,1,4,1,1
RGT67_20250401,RGT67,243,1.3,2,1,1,1,1
RGT67_20250401,RGT67,244,1.3,2,1,1,1,1
RGT67_20250401,RGT67,245,1.3,2,1,1,1,1
RGT67_20250401,RGT67,246,1.3,2,1,4,1,1
RGT67_20250401,RGT67,247,1.3,2,1,4,1,1
RGT67_20250401,RGT67,248,1.3,2,1,4,1,1
RGT67_20250401,RGT67,249,1.3,2,1,2,1,0
RGT67_20250401,RGT67,250,1.3,2,1,2,1,0
RGT67_20250401,RGT67,251,1.3,2,1,1,1,1
RGT67_20250401,RGT67,252,1.3,2,1,4,1,1
RGT67_20250401,RGT67,253,1.3,2,1,1,1,1
RGT67_20250401,RGT67,254,1.3,2,1,5,1,0
RGT67_20250401,RGT67,255,1.3,2,1,4,1,1
RGT67_20250401,RGT67,256,1.3,2,1,1,1,1
RGT67_20250401,RGT67,257,1.3,2,1,4,1,1
RGT67_20250401,RGT67,258,1.3,2,1,1,1,1
RGT67_20250401,RGT67,259,1.3,2,1,4,1,1
RGT67_20250401,RGT67,260,1.3,2,1,4,1,1
RGT67_20250401,RGT67,261,1.3,2,1,5,1,0
RGT67_20250401,RGT67,262,1.3,2,1,2,1,0
RGT67_20250401,RGT67,263,1.3,2,1,5,1,0
RGT67_20250401,RGT67,264,1.3,2,1,4,1,1
RGT67_20250401,RGT67,265,1.3,2,1,5,1,0
RGT67_20250401,RGT67,266,1.3,2,1,1,1,1
RGT67_20250401,RGT67,267,1.3,2,1,1,1,1
RGT67_20250401,RGT67,268,1.3,2,1,5,1,0
RGT67_20250401,RGT67,269,1.3,2,1,4,1,1
RGT67_20250401,RGT67,270,1.3,2,1,2,1,0
RGT67_20250401,RGT67,271,1.3,2,1,1,1,1
RGT67_20250401,RGT67,272,1.3,2,1,4,1,1
RGT67_20250401,RGT67,273,1.3,2,1,1,1,1
RGT67_20250401,RGT67,274,1.3,2,1,5,1,0
RGT67_20250401,RGT67,275,1.3,2,1,4,1,1
RGT67_20250401,RGT67,276,1.3,2,1,5,1,0
RGT67_20250401,RGT67,277,1.3,2,1,1,1,1
RGT67_20250401,RGT67,278,1.3,2,1,5,1,0
RGT67_20250401,RGT67,279,1.3,2,1,4,1,1
RGT67_20250401,RGT67,280,1.3,2,1,1,1,1
RGT67_20250401,RGT67,281,1.3,2,1,2,1,0
RGT67_20250401,RGT67,282,1.3,2,1,4,1,1
RGT67_20250401,RGT67,283,1.3,2,1,4,1,1
RGT67_20250401,RGT67,284,1.3,2,1,5,1,0
RGT67_20250401,RGT67,285,1.3,2,1,1,1,1
RGT67_20250401,RGT67,286,1.3,2,1,4,1,1
RGT67_20250401,RGT67,287,1.3,2,1,1,1,1
RGT67_20250401,RGT67,288,1.3,2,1,1,1,1
RGT67_20250401,RGT67,289,1.3,2,1,5,1,0
RGT67_20250401,RGT67,290,1.3,2,1,1,1,1
RGT67_20250401,RGT67,291,1.3,2,1,4,1,1
RGT67_20250401,RGT67,292,1.3,2,1,4,1,1
RGT67_20250401,RGT67,293,1.3,2,1,4,1,1
RGT67_20250401,RGT67,294,1.3,2,1,1,1,1
RGT67_20250401,RGT67,295,1.3,2,1,5,1,0
RGT67_20250401,RGT67,296,1.3,2,1,1,1,1
RGT67_20250401,RGT67,297,1.3,2,1,5,1,0
RGT67_20250401,RGT67,298,1.3,2,1,4,1,1
RGT67_20250401,RGT67,299,1.3,2,1,4,1,1
RGT67_20250401,RGT67,300,1.3,2,1,1,1,1
RGT67_20250401,RGT67,301,1.3,2,1,1,1,1
RGT67_20250401,RGT67,302,1.3,2,1,5,1,0
RGT67_20250401,RGT67,303,1.3,2,1,1,1,1
RGT67_20250401,RGT67,304,1.3,2,1,5,1,0
RGT67_20250401,RGT67,305,1.3,2,1,1,1,1
RGT67_20250401,RGT67,306,1.3,2,1,5,1,0
RGT67_20250401,RGT67,307,1.3,2,1,4,1,1
RGT67_20250401,RGT67,308,1.3,2,1,4,1,1
RGT67_20250401,RGT67,309,1.3,2,1,1,1,1
RGT67_20250401,RGT67,310,1.3,2,1,1,1,1
RGT67_20250401,RGT67,311,1.3,2,1,4,1,1
RGT67_20250401,RGT67,312,1.3,2,1,4,1,1
RGT67_20250401,RGT67,313,1.3,2,1,4,1,1
RGT67_20250401,RGT67,314,1.3,2,1,1,1,1
RGT67_20250401,RGT67,315,1.3,2,1,5,1,0
RGT67_20250401,RGT67,316,1.3,2,1,5,1,0
RGT67_20250401,RGT67,317,1.3,2,1,5,1,0
RGT67_20250401,RGT67,318,1.3,2,1,4,1,1
RGT67_20250401,RGT67,319,1.3,2,1,1,1,1
RGT67_20250401,RGT67,320,1.3,2,1,5,1,0
RGT67_20250401,RGT67,321,1.3,2,1,6,0,0
RGT67_20250401,RGT67,322,1.3,2,1,1,1,1
RGT67_20250410,RGT67,1,1.3,1,2,1,1,1
RGT67_20250410,RGT67,2,1.3,1,2,4,1,1
RGT67_20250410,RGT67,3,1.3,1,2,1,1,1
RGT67_20250410,RGT67,4,1.3,1,2,4,1,1
RGT67_20250410,RGT67,5,1.3,1,2,4,1,1
RGT67_20250410,RGT67,6,1.3,1,2,4,1,1
RGT67_20250410,RGT67,7,1.3,1,2,1,1,1
RGT67_20250410,RGT67,8,1.3,1,2,4,1,1
RGT67_20250410,RGT67,9,1.3,1,2,4,1,1
RGT67_20250410,RGT67,10,1.3,1,2,1,1,1
RGT67_20250410,RGT67,11,1.3,1,2,4,1,1
RGT67_20250410,RGT67,12,1.3,1,2,4,1,1
RGT67_20250410,RGT67,13,1.3,1,2,4,1,1
RGT67_20250410,RGT67,14,1.3,1,2,1,1,1
RGT67_20250410,RGT67,15,1.3,1,2,1,1,1
RGT67_20250410,RGT67,16,1.3,1,2,1,1,1
RGT67_20250410,RGT67,17,1.3,1,2,4,1,1
RGT67_20250410,RGT67,18,1.3,1,2,1,1,1
RGT67_20250410,RGT67,19,1.3,1,2,5,1,0
RGT67_20250410,RGT67,20,1.3,1,2,5,1,0
RGT67_20250410,RGT67,21,1.3,1,2,4,1,1
RGT67_20250410,RGT67,22,1.3,1,2,2,1,0
RGT67_20250410,RGT67,23,1.3,1,2,4,1,1
RGT67_20250410,RGT67,24,1.3,1,2,4,1,1
RGT67_20250410,RGT67,25,1.3,1,2,1,1,1
RGT67_20250410,RGT67,26,1.3,1,2,4,1,1
RGT67_20250410,RGT67,27,1.3,1,2,4,1,1
RGT67_20250410,RGT67,28,1.3,1,2,4,1,1
RGT67_20250410,RGT67,29,1.3,1,2,1,1,1
RGT67_20250410,RGT67,30,1.3,1,2,1,1,1
RGT67_20250410,RGT67,31,1.3,1,2,1,1,1
RGT67_20250410,RGT67,32,1.3,1,2,4,1,1
RGT67_20250410,RGT67,33,1.3,1,2,1,1,1
RGT67_20250410,RGT67,34,1.3,1,2,1,1,1
RGT67_20250410,RGT67,35,1.3,1,2,4,1,1
RGT67_20250410,RGT67,36,1.3,1,2,4,1,1
RGT67_20250410,RGT67,37,1.3,1,2,4,1,1
RGT67_20250410,RGT67,38,1.3,1,2,2,1,0
RGT67_20250410,RGT67,39,1.3,1,2,4,1,1
RGT67_20250410,RGT67,40,1.3,1,2,1,1,1
RGT67_20250410,RGT67,41,1.3,1,2,1,1,1
RGT67_20250410,RGT67,42,1.3,1,2,1,1,1
RGT67_20250410,RGT67,43,1.3,1,2,4,1,1
RGT67_20250410,RGT67,44,1.3,1,2,1,1,1
RGT67_20250410,RGT67,45,1.3,1,2,4,1,1
RGT67_20250410,RGT67,46,1.3,1,2,1,1,1
RGT67_20250410,RGT67,47,1.3,1,2,1,1,1
RGT67_20250410,RGT67,48,1.3,1,2,4,1,1
RGT67_20250410,RGT67,49,1.3,1,2,1,1,1
RGT67_20250410,RGT67,50,1.3,1,2,1,1,1
RGT67_20250410,RGT67,51,1.3,1,2,1,1,1
RGT67_20250410,RGT67,52,1.3,1,2,4,1,1
RGT67_20250410,RGT67,53,1.3,1,2,1,1,1
RGT67_20250410,RGT67,54,1.3,1,2,1,1,1
RGT67_20250410,RGT67,55,1.3,1,2,1,1,1
RGT67_20250410,RGT67,56,1.3,1,2,4,1,1
RGT67_20250410,RGT67,57,1.3,1,2,1,1,1
RGT67_20250410,RGT67,58,1.3,1,2,4,1,1
RGT67_20250410,RGT67,59,1.3,1,2,1,1,1
RGT67_20250410,RGT67,60,1.3,1,2,1,1,1
RGT67_20250410,RGT67,61,1.3,1,2,1,1,1
RGT67_20250410,RGT67,62,1.3,1,2,4,1,1
RGT67_20250410,RGT67,63,1.3,1,2,4,1,1
RGT67_20250410,RGT67,64,1.3,1,2,4,1,1
RGT67_20250410,RGT67,65,1.3,1,2,1,1,1
RGT67_20250410,RGT67,66,1.3,1,2,4,1,1
RGT67_20250410,RGT67,67,1.3,1,2,4,1,1
RGT67_20250410,RGT67,68,1.3,1,2,4,1,1
RGT67_20250410,RGT67,69,1.3,1,2,1,1,1
RGT67_20250410,RGT67,70,1.3,1,2,1,1,1
RGT67_20250410,RGT67,71,1.3,1,2,4,1,1
RGT67_20250410,RGT67,72,1.3,1,2,5,1,0
RGT67_20250410,RGT67,73,1.3,1,2,1,1,1
RGT67_20250410,RGT67,74,1.3,1,2,4,1,1
RGT67_20250410,RGT67,75,1.3,1,2,4,1,1
RGT67_20250410,RGT67,76,1.3,1,2,4,1,1
RGT67_20250410,RGT67,77,1.3,1,2,1,1,1
RGT67_20250410,RGT67,78,1.3,1,2,4,1,1
RGT67_20250410,RGT67,79,1.3,1,2,1,1,1
RGT67_20250410,RGT67,80,1.3,1,2,4,1,1
RGT67_20250410,RGT67,81,1.3,1,2,4,1,1
RGT67_20250410,RGT67,82,1.3,1,2,1,1,1
RGT67_20250410,RGT67,83,1.3,1,2,1,1,1
RGT67_20250410,RGT67,84,1.3,1,2,4,1,1
RGT67_20250410,RGT67,85,1.3,1,2,4,1,1
RGT67_20250410,RGT67,86,1.3,1,2,4,1,1
RGT67_20250410,RGT67,87,1.3,1,2,1,1,1
RGT67_20250410,RGT67,88,1.3,1,2,4,1,1
RGT67_20250410,RGT67,89,1.3,1,2,4,1,1
RGT67_20250410,RGT67,90,1.3,1,2,4,1,1
RGT67_20250410,RGT67,91,1.3,2,1,1,1,1
RGT67_20250410,RGT67,92,1.3,2,1,5,1,0
RGT67_20250410,RGT67,93,1.3,2,1,4,1,1
RGT67_20250410,RGT67,94,1.3,2,1,1,1,1
RGT67_20250410,RGT67,95,1.3,2,1,4,1,1
RGT67_20250410,RGT67,96,1.3,2,1,5,1,0
RGT67_20250410,RGT67,97,1.3,2,1,4,1,1
RGT67_20250410,RGT67,98,1.3,2,1,1,1,1
RGT67_20250410,RGT67,99,1.3,2,1,4,1,1
RGT67_20250410,RGT67,100,1.3,2,1,5,1,0
RGT67_20250410,RGT67,101,1.3,2,1,4,1,1
RGT67_20250410,RGT67,102,1.3,2,1,1,1,1
RGT67_20250410,RGT67,103,1.3,2,1,1,1,1
RGT67_20250410,RGT67,104,1.3,2,1,1,1,1
RGT67_20250410,RGT67,105,1.3,2,1,4,1,1
RGT67_20250410,RGT67,106,1.3,2,1,4,1,1
RGT67_20250410,RGT67,107,1.3,2,1,1,1,1
RGT67_20250410,RGT67,108,1.3,2,1,4,1,1
RGT67_20250410,RGT67,109,1.3,2,1,4,1,1
RGT67_20250410,RGT67,110,1.3,2,1,5,1,0
RGT67_20250410,RGT67,111,1.3,2,1,1,1,1
RGT67_20250410,RGT67,112,1.3,2,1,4,1,1
RGT67_20250410,RGT67,113,1.3,2,1,5,1,0
RGT67_20250410,RGT67,114,1.3,2,1,1,1,1
RGT67_20250410,RGT67,115,1.3,2,1,1,1,1
RGT67_20250410,RGT67,116,1.3,2,1,4,1,1
RGT67_20250410,RGT67,117,1.3,2,1,4,1,1
RGT67_20250410,RGT67,118,1.3,2,1,1,1,1
RGT67_20250410,RGT67,119,1.3,2,1,4,1,1
RGT67_20250410,RGT67,120,1.3,2,1,4,1,1
RGT67_20250410,RGT67,121,1.3,2,1,4,1,1
RGT67_20250410,RGT67,122,1.3,2,1,1,1,1
RGT67_20250410,RGT67,123,1.3,2,1,1,1,1
RGT67_20250410,RGT67,124,1.3,2,1,4,1,1
RGT67_20250410,RGT67,125,1.3,2,1,4,1,1
RGT67_20250410,RGT67,126,1.3,2,1,4,1,1
RGT67_20250410,RGT67,127,1.3,2,1,1,1,1
RGT67_20250410,RGT67,128,1.3,2,1,4,1,1
RGT67_20250410,RGT67,129,1.3,2,1,1,1,1
RGT67_20250410,RGT67,130,1.3,2,1,1,1,1
RGT67_20250410,RGT67,131,1.3,2,1,1,1,1
RGT67_20250410,RGT67,132,1.3,2,1,4,1,1
RGT67_20250410,RGT67,133,1.3,2,1,1,1,1
RGT67_20250410,RGT67,134,1.3,2,1,4,1,1
RGT67_20250410,RGT67,135,1.3,2,1,1,1,1
RGT67_20250410,RGT67,136,1.3,2,1,1,1,1
RGT67_20250410,RGT67,137,1.3,2,1,4,1,1
RGT67_20250410,RGT67,138,1.3,2,1,4,1,1
RGT67_20250410,RGT67,139,1.3,2,1,4,1,1
RGT67_20250410,RGT67,140,1.3,2,1,1,1,1
RGT67_20250410,RGT67,141,1.3,2,1,1,1,1
RGT67_20250410,RGT67,142,1.3,2,1,1,1,1
RGT67_20250410,RGT67,143,1.3,2,1,4,1,1
RGT67_20250410,RGT67,144,1.3,2,1,4,1,1
RGT67_20250410,RGT67,145,1.3,2,1,4,1,1
RGT67_20250410,RGT67,146,1.3,2,1,1,1,1
RGT67_20250410,RGT67,147,1.3,2,1,4,1,1
RGT67_20250410,RGT67,148,1.3,2,1,4,1,1
RGT67_20250410,RGT67,149,1.3,2,1,4,1,1
RGT67_20250410,RGT67,150,1.3,2,1,2,1,0
RGT67_20250410,RGT67,151,1.3,2,1,1,1,1
RGT67_20250410,RGT67,152,1.3,2,1,4,1,1
RGT67_20250410,RGT67,153,1.3,2,1,1,1,1
RGT67_20250410,RGT67,154,1.3,2,1,1,1,1
RGT67_20250410,RGT67,155,1.3,2,1,1,1,1
RGT67_20250410,RGT67,156,1.3,2,1,4,1,1
RGT67_20250410,RGT67,157,1.3,2,1,1,1,1
RGT67_20250410,RGT67,158,1.3,2,1,4,1,1
RGT67_20250410,RGT67,159,1.3,2,1,1,1,1
RGT67_20250410,RGT67,160,1.3,2,1,1,1,1
RGT67_20250410,RGT67,161,1.3,2,1,1,1,1
RGT67_20250410,RGT67,162,1.3,2,1,4,1,1
RGT67_20250410,RGT67,163,1.3,2,1,4,1,1
RGT67_20250410,RGT67,164,1.3,2,1,1,1,1
RGT67_20250410,RGT67,165,1.3,2,1,1,1,1
RGT67_20250410,RGT67,166,1.3,2,1,1,1,1
RGT67_20250410,RGT67,167,1.3,2,1,4,1,1
RGT67_20250410,RGT67,168,1.3,2,1,4,1,1
RGT67_20250410,RGT67,169,1.3,2,1,4,1,1
RGT67_20250410,RGT67,170,1.3,2,1,1,1,1
RGT67_20250410,RGT67,171,1.3,2,1,4,1,1
RGT67_20250410,RGT67,172,1.3,2,1,4,1,1
RGT67_20250410,RGT67,173,1.3,2,1,2,1,0
RGT67_20250410,RGT67,174,1.3,2,1,4,1,1
RGT67_20250410,RGT67,175,1.3,2,1,4,1,1
RGT67_20250410,RGT67,176,1.3,2,1,1,1,1
RGT67_20250410,RGT67,177,1.3,2,1,4,1,1
RGT67_20250410,RGT67,178,1.3,2,1,2,1,0
RGT67_20250410,RGT67,179,1.3,2,1,1,1,1
RGT67_20250410,RGT67,180,1.3,2,1,1,1,1
RGT67_20250410,RGT67,181,1.3,2,1,4,1,1
RGT67_20250410,RGT67,182,1.3,2,1,4,1,1
RGT67_20250410,RGT67,183,1.3,2,1,1,1,1
RGT67_20250410,RGT67,184,1.3,2,1,1,1,1
RGT67_20250410,RGT67,185,1.3,2,1,1,1,1
RGT67_20250410,RGT67,186,1.3,2,1,4,1,1
RGT67_20250410,RGT67,187,1.3,2,1,1,1,1
RGT67_20250410,RGT67,188,1.3,2,1,1,1,1
RGT67_20250410,RGT67,189,1.3,2,1,4,1,1
RGT67_20250410,RGT67,190,1.3,2,1,1,1,1
RGT67_20250410,RGT67,191,1.3,2,1,1,1,1
RGT67_20250410,RGT67,192,1.3,2,1,4,1,1
RGT67_20250410,RGT67,193,1.3,2,1,1,1,1
RGT67_20250410,RGT67,194,1.3,2,1,4,1,1
RGT67_20250410,RGT67,195,1.3,2,1,4,1,1
RGT67_20250410,RGT67,196,1.3,2,1,1,1,1
RGT67_20250410,RGT67,197,1.3,2,1,4,1,1
RGT67_20250410,RGT67,198,1.3,2,1,1,1,1
RGT67_20250410,RGT67,199,1.3,2,1,1,1,1
RGT67_20250410,RGT67,200,1.3,2,1,1,1,1
RGT67_20250410,RGT67,201,1.3,2,1,4,1,1
RGT67_20250410,RGT67,202,1.3,2,1,4,1,1
RGT67_20250410,RGT67,203,1.3,2,1,1,1,1
RGT67_20250410,RGT67,204,1.3,2,1,1,1,1
RGT67_20250410,RGT67,205,1.3,2,1,4,1,1
RGT67_20250410,RGT67,206,1.3,2,1,4,1,1
RGT67_20250410,RGT67,207,1.3,2,1,1,1,1
RGT67_20250410,RGT67,208,1.3,2,1,4,1,1
RGT67_20250410,RGT67,209,1.3,2,1,4,1,1
RGT67_20250410,RGT67,210,1.3,2,1,1,1,1
RGT67_20250410,RGT67,211,1.3,2,1,4,1,1
RGT67_20250410,RGT67,212,1.3,2,1,1,1,1
RGT67_20250410,RGT67,213,1.3,2,1,1,1,1
RGT67_20250410,RGT67,214,1.3,2,1,4,1,1
RGT67_20250410,RGT67,215,1.3,2,1,4,1,1
RGT67_20250410,RGT67,216,1.3,2,1,1,1,1
RGT67_20250410,RGT67,217,1.3,2,1,1,1,1
RGT67_20250410,RGT67,218,1.3,2,1,4,1,1
RGT67_20250410,RGT67,219,1.3,2,1,4,1,1
RGT67_20250410,RGT67,220,1.3,2,1,1,1,1
RGT67_20250410,RGT67,221,1.3,2,1,1,1,1
RGT67_20250410,RGT67,222,1.3,2,1,1,1,1
RGT67_20250410,RGT67,223,1.3,2,1,4,1,1
RGT67_20250410,RGT67,224,1.3,2,1,1,1,1
RGT67_20250410,RGT67,225,1.3,2,1,4,1,1
RGT67_20250410,RGT67,226,1.3,2,1,4,1,1
RGT67_20250410,RGT67,227,1.3,2,1,4,1,1
RGT67_20250410,RGT67,228,1.3,2,1,1,1,1
RGT67_20250410,RGT67,229,1.3,2,1,1,1,1
RGT67_20250410,RGT67,230,1.3,2,1,4,1,1
RGT67_20250410,RGT67,231,1.3,2,1,4,1,1
RGT67_20250410,RGT67,232,1.3,2,1,4,1,1
RGT67_20250410,RGT67,233,1.3,2,1,1,1,1
RGT67_20250410,RGT67,234,1.3,2,1,1,1,1
RGT67_20250410,RGT67,235,1.3,2,1,1,1,1
RGT67_20250410,RGT67,236,1.3,2,1,4,1,1
RGT67_20250410,RGT67,237,1.3,2,1,1,1,1
RGT67_20250410,RGT67,238,1.3,2,1,2,1,0
RGT67_20250410,RGT67,239,1.3,2,1,1,1,1
RGT67_20250410,RGT67,240,1.3,2,1,4,1,1
RGT67_20250410,RGT67,241,1.3,2,1,4,1,1
RGT67_20250410,RGT67,242,1.3,2,1,2,1,0
RGT67_20250410,RGT67,243,1.3,2,1,1,1,1
RGT67_20250410,RGT67,244,1.3,2,1,1,1,1
RGT67_20250410,RGT67,245,1.3,2,1,4,1,1
RGT67_20250410,RGT67,246,1.3,2,1,1,1,1
RGT67_20250410,RGT67,247,1.3,2,1,4,1,1
RGT67_20250410,RGT67,248,1.3,2,1,1,1,1
RGT67_20250410,RGT67,249,1.3,2,1,1,1,1
RGT67_20250410,RGT67,250,1.3,2,1,1,1,1
RGT67_20250410,RGT67,251,1.3,2,1,4,1,1
RGT67_20250410,RGT67,252,1.3,2,1,1,1,1
RGT67_20250410,RGT67,253,1.3,2,1,4,1,1
RGT67_20250410,RGT67,254,1.3,2,1,1,1,1
RGT67_20250410,RGT67,255,1.3,2,1,1,1,1
RGT67_20250410,RGT67,256,1.3,2,1,1,1,1
RGT67_20250410,RGT67,257,1.3,2,1,4,1,1
RGT67_20250410,RGT67,258,1.3,2,1,1,1,1
RGT67_20250410,RGT67,259,1.3,2,1,1,1,1
RGT67_20250410,RGT67,260,1.3,2,1,1,1,1
RGT67_20250410,RGT67,261,1.3,2,1,4,1,1
RGT67_20250410,RGT67,262,1.3,2,1,4,1,1
RGT67_20250410,RGT67,263,1.3,2,1,2,1,0
RGT67_20250410,RGT67,264,1.3,2,1,1,1,1
RGT67_20250410,RGT67,265,1.3,2,1,1,1,1
RGT67_20250410,RGT67,266,1.3,2,1,4,1,1
RGT67_20250410,RGT67,267,1.3,2,1,1,1,1
RGT67_20250410,RGT67,268,1.3,2,1,4,1,1
RGT67_20250410,RGT67,269,1.3,2,1,5,1,0
RGT67_20250410,RGT67,270,1.3,2,1,4,1,1
RGT67_20250410,RGT67,271,1.3,2,1,2,1,0
RGT67_20250410,RGT67,272,1.3,2,1,1,1,1
RGT67_20250410,RGT67,273,1.3,2,1,1,1,1
RGT67_20250410,RGT67,274,1.3,2,1,4,1,1
RGT67_20250410,RGT67,275,1.3,2,1,4,1,1
RGT67_20250410,RGT67,276,1.3,2,1,4,1,1
RGT67_20250410,RGT67,277,1.3,2,1,1,1,1
RGT67_20250410,RGT67,278,1.3,2,1,1,1,1
RGT67_20250410,RGT67,279,1.3,2,1,1,1,1
RGT67_20250410,RGT67,280,1.3,2,1,4,1,1
RGT67_20250410,RGT67,281,1.3,2,1,1,1,1
RGT67_20250410,RGT67,282,1.3,2,1,1,1,1
RGT67_20250410,RGT67,283,1.3,2,1,4,1,1
RGT67_20250410,RGT67,284,1.3,2,1,1,1,1
RGT67_20250410,RGT67,285,1.3,2,1,2,1,0
RGT67_20250410,RGT67,286,1.3,2,1,4,1,1
RGT67_20250410,RGT67,287,1.3,2,1,4,1,1
RGT67_20250410,RGT67,288,1.3,2,1,4,1,1
RGT67_20250410,RGT67,289,1.3,2,1,1,1,1
RGT67_20250410,RGT67,290,1.3,2,1,1,1,1
RGT67_20250410,RGT67,291,1.3,2,1,4,1,1
RGT67_20250410,RGT67,292,1.3,2,1,2,1,0
RGT67_20250410,RGT67,293,1.3,2,1,4,1,1
RGT67_20250410,RGT67,294,1.3,2,1,2,1,0
RGT67_20250410,RGT67,295,1.3,2,1,1,1,1
RGT67_20250410,RGT67,296,1.3,2,1,1,1,1
RGT67_20250410,RGT67,297,1.3,2,1,5,1,0
RGT67_20250410,RGT67,298,1.3,2,1,4,1,1
RGT67_20250410,RGT67,299,1.3,2,1,4,1,1
RGT67_20250410,RGT67,300,1.3,2,1,1,1,1
RGT67_20250410,RGT67,301,1.3,2,1,4,1,1
RGT67_20250410,RGT67,302,1.3,2,1,1,1,1
RGT67_20250410,RGT67,303,1.3,2,1,1,1,1
RGT67_20250410,RGT67,304,1.3,2,1,4,1,1
RGT67_20250410,RGT67,305,1.3,2,1,1,1,1
RGT67_20250410,RGT67,306,1.3,2,1,1,1,1
RGT67_20250410,RGT67,307,1.3,2,1,4,1,1
RGT67_20250410,RGT67,308,1.3,2,1,1,1,1
RGT67_20250410,RGT67,309,1.3,2,1,4,1,1
RGT67_20250410,RGT67,310,1.3,2,1,4,1,1
RGT67_20250410,RGT67,311,1.3,2,1,4,1,1
RGT67_20250410,RGT67,312,1.3,2,1,1,1,1
RGT67_20250410,RGT67,313,1.3,2,1,4,1,1
RGT67_20250410,RGT67,314,1.3,2,1,4,1,1
RGT67_20250410,RGT67,315,1.3,2,1,4,1,1
RGT67_20250410,RGT67,316,1.3,2,1,2,1,0
RGT67_20250410,RGT67,317,1.3,2,1,4,1,1
RGT67_20250410,RGT67,318,1.3,2,1,1,1,1
RGT67_20250410,RGT67,319,1.3,2,1,2,1,0
RGT67_20250410,RGT67,320,1.3,2,1,1,1,1
RGT67_20250410,RGT67,321,1.3,2,1,4,1,1
RGT67_20250410,RGT67,322,1.3,2,1,2,1,0
RGT67_20250410,RGT67,323,1.3,2,1,2,1,0
RGT67_20250410,RGT67,324,1.3,2,1,4,1,1
RGT67_20250410,RGT67,325,1.3,2,1,1,1,1
RGT67_20250410,RGT67,326,1.3,2,1,1,1,1
RGT67_20250410,RGT67,327,1.3,2,1,1,1,1
RGT67_20250410,RGT67,328,1.3,2,1,4,1,1
RGT67_20250410,RGT67,329,1.3,2,1,1,1,1
RGT67_20250410,RGT67,330,1.3,2,1,4,1,1
RGT67_20250410,RGT67,331,1.3,2,1,4,1,1
RGT67_20250410,RGT67,332,1.3,2,1,1,1,1
RGT67_20250410,RGT67,333,1.3,2,1,1,1,1
RGT67_20250410,RGT67,334,1.3,2,1,1,1,1
RGT67_20250410,RGT67,335,1.3,2,1,4,1,1
RGT67_20250410,RGT67,336,1.3,2,1,1,1,1
RGT67_20250410,RGT67,337,1.3,2,1,1,1,1
RGT67_20250410,RGT67,338,1.3,2,1,4,1,1
RGT67_20250410,RGT67,339,1.3,2,1,1,1,1
RGT67_20250410,RGT67,340,1.3,2,1,4,1,1
RGT67_20250410,RGT67,341,1.3,2,1,1,1,1
RGT67_20250410,RGT67,342,1.3,2,1,4,1,1
RGT67_20250410,RGT67,343,1.3,2,1,1,1,1
RGT67_20250410,RGT67,344,1.3,2,1,5,1,0
RGT67_20250410,RGT67,345,1.3,2,1,4,1,1
RGT67_20250410,RGT67,346,1.3,2,1,4,1,1
RGT67_20250410,RGT67,347,1.3,2,1,2,1,0
RGT67_20250410,RGT67,348,1.3,2,1,1,1,1
RGT67_20250410,RGT67,349,1.3,2,1,1,1,1
RGT67_20250410,RGT67,350,1.3,2,1,4,1,1
RGT67_20250410,RGT67,351,1.3,2,1,2,1,0
RGT67_20250410,RGT67,352,1.3,2,1,4,1,1
RGT67_20250410,RGT67,353,1.3,2,1,2,1,0
RGT67_20250410,RGT67,354,1.3,2,1,4,1,1
RGT67_20250410,RGT67,355,1.3,2,1,1,1,1
RGT67_20250327,RGT67,1,1.3,2,1,1,1,1
RGT67_20250327,RGT67,2,1.3,2,1,4,1,1
RGT67_20250327,RGT67,3,1.3,2,1,1,1,1
RGT67_20250327,RGT67,4,1.3,2,1,4,1,1
RGT67_20250327,RGT67,5,1.3,2,1,1,1,1
RGT67_20250327,RGT67,6,1.3,2,1,5,1,0
RGT67_20250327,RGT67,7,1.3,2,1,5,1,0
RGT67_20250327,RGT67,8,1.3,2,1,2,1,0
RGT67_20250327,RGT67,9,1.3,2,1,4,1,1
RGT67_20250327,RGT67,10,1.3,2,1,1,1,1
RGT67_20250327,RGT67,11,1.3,2,1,4,1,1
RGT67_20250327,RGT67,12,1.3,2,1,2,1,0
RGT67_20250327,RGT67,13,1.3,2,1,1,1,1
RGT67_20250327,RGT67,14,1.3,2,1,4,1,1
RGT67_20250327,RGT67,15,1.3,2,1,2,1,0
RGT67_20250327,RGT67,16,1.3,2,1,4,1,1
RGT67_20250327,RGT67,17,1.3,2,1,4,1,1
RGT67_20250327,RGT67,18,1.3,2,1,2,1,0
RGT67_20250327,RGT67,19,1.3,2,1,2,1,0
RGT67_20250327,RGT67,20,1.3,2,1,1,1,1
RGT67_20250327,RGT67,21,1.3,2,1,5,1,0
RGT67_20250327,RGT67,22,1.3,2,1,4,1,1
RGT67_20250327,RGT67,23,1.3,2,1,2,1,0
RGT67_20250327,RGT67,24,1.3,2,1,1,1,1
RGT67_20250327,RGT67,25,1.3,2,1,4,1,1
RGT67_20250327,RGT67,26,1.3,2,1,2,1,0
RGT67_20250327,RGT67,27,1.3,2,1,5,1,0
RGT67_20250327,RGT67,28,1.3,2,1,1,1,1
RGT67_20250327,RGT67,29,1.3,2,1,1,1,1
RGT67_20250327,RGT67,30,1.3,2,1,1,1,1
RGT67_20250327,RGT67,31,1.3,2,1,5,1,0
RGT67_20250327,RGT67,32,1.3,2,1,1,1,1
RGT67_20250327,RGT67,33,1.3,2,1,5,1,0
RGT67_20250327,RGT67,34,1.3,2,1,5,1,0
RGT67_20250327,RGT67,35,1.3,2,1,4,1,1
RGT67_20250327,RGT67,36,1.3,2,1,1,1,1
RGT67_20250327,RGT67,37,1.3,2,1,4,1,1
RGT67_20250327,RGT67,38,1.3,2,1,1,1,1
RGT67_20250327,RGT67,39,1.3,2,1,5,1,0
RGT67_20250327,RGT67,40,1.3,2,1,1,1,1
RGT67_20250327,RGT67,41,1.3,2,1,5,1,0
RGT67_20250327,RGT67,42,1.3,2,1,5,1,0
RGT67_20250327,RGT67,43,1.3,2,1,4,1,1
RGT67_20250327,RGT67,44,1.3,2,1,1,1,1
RGT67_20250327,RGT67,45,1.3,2,1,4,1,1
RGT67_20250327,RGT67,46,1.3,2,1,5,1,0
RGT67_20250327,RGT67,47,1.3,2,1,4,1,1
RGT67_20250327,RGT67,48,1.3,2,1,2,1,0
RGT67_20250327,RGT67,49,1.3,2,1,4,1,1
RGT67_20250327,RGT67,50,1.3,2,1,4,1,1
RGT67_20250327,RGT67,51,1.3,2,1,5,1,0
RGT67_20250327,RGT67,52,1.3,2,1,2,1,0
RGT67_20250327,RGT67,53,1.3,2,1,4,1,1
RGT67_20250327,RGT67,54,1.3,2,1,4,1,1
RGT67_20250327,RGT67,55,1.3,2,1,1,1,1
RGT67_20250327,RGT67,56,1.3,2,1,4,1,1
RGT67_20250327,RGT67,57,1.3,2,1,2,1,0
RGT67_20250327,RGT67,58,1.3,2,1,4,1,1
RGT67_20250327,RGT67,59,1.3,2,1,1,1,1
RGT67_20250327,RGT67,60,1.3,2,1,4,1,1
RGT67_20250327,RGT67,61,1.3,2,1,4,1,1
RGT67_20250327,RGT67,62,1.3,2,1,2,1,0
RGT67_20250327,RGT67,63,1.3,2,1,1,1,1
RGT67_20250327,RGT67,64,1.3,2,1,2,1,0
RGT67_20250327,RGT67,65,1.3,2,1,4,1,1
RGT67_20250327,RGT67,66,1.3,2,1,1,1,1
RGT67_20250327,RGT67,67,1.3,2,1,1,1,1
RGT67_20250327,RGT67,68,1.3,2,1,1,1,1
RGT67_20250327,RGT67,69,1.3,2,1,5,1,0
RGT67_20250327,RGT67,70,1.3,2,1,5,1,0
RGT67_20250327,RGT67,71,1.3,2,1,1,1,1
RGT67_20250327,RGT67,72,1.3,2,1,1,1,1
RGT67_20250327,RGT67,73,1.3,2,1,1,1,1
RGT67_20250327,RGT67,74,1.3,2,1,5,1,0
RGT67_20250327,RGT67,75,1.3,2,1,5,1,0
RGT67_20250327,RGT67,76,1.3,2,1,5,1,0
RGT67_20250327,RGT67,77,1.3,2,1,4,1,1
RGT67_20250327,RGT67,78,1.3,2,1,2,1,0
RGT67_20250327,RGT67,79,1.3,2,1,5,1,0
RGT67_20250327,RGT67,80,1.3,2,1,5,1,0
RGT67_20250327,RGT67,81,1.3,2,1,1,1,1
RGT67_20250327,RGT67,82,1.3,2,1,5,1,0
RGT67_20250327,RGT67,83,1.3,2,1,5,1,0
RGT67_20250327,RGT67,84,1.3,2,1,5,1,0
RGT67_20250327,RGT67,85,1.3,2,1,4,1,1
RGT67_20250327,RGT67,86,1.3,2,1,5,1,0
RGT67_20250327,RGT67,87,1.3,2,1,2,1,0
RGT67_20250327,RGT67,88,1.3,2,1,5,1,0
RGT67_20250327,RGT67,89,1.3,2,1,5,1,0
RGT67_20250327,RGT67,90,1.3,2,1,4,1,1
RGT67_20250327,RGT67,91,1.3,2,1,1,1,1
RGT67_20250327,RGT67,92,1.3,2,1,5,1,0
RGT67_20250327,RGT67,93,1.3,2,1,4,1,1
RGT67_20250327,RGT67,94,1.3,2,1,5,1,0
RGT67_20250327,RGT67,95,1.3,2,1,4,1,1
RGT67_20250327,RGT67,96,1.3,2,1,2,1,0
RGT67_20250327,RGT67,97,1.3,2,1,1,1,1
RGT67_20250327,RGT67,98,1.3,2,1,1,1,1
RGT67_20250327,RGT67,99,1.3,2,1,4,1,1
RGT67_20250327,RGT67,100,1.3,2,1,2,1,0
RGT67_20250327,RGT67,101,1.3,1,2,4,1,1
RGT67_20250327,RGT67,102,1.3,1,2,4,1,1
RGT67_20250327,RGT67,103,1.3,1,2,2,1,0
RGT67_20250327,RGT67,104,1.3,1,2,1,1,1
RGT67_20250327,RGT67,105,1.3,1,2,2,1,0
RGT67_20250327,RGT67,106,1.3,1,2,5,1,0
RGT67_20250327,RGT67,107,1.3,1,2,2,1,0
RGT67_20250327,RGT67,108,1.3,1,2,2,1,0
RGT67_20250327,RGT67,109,1.3,1,2,2,1,0
RGT67_20250327,RGT67,110,1.3,1,2,2,1,0
RGT67_20250327,RGT67,111,1.3,1,2,2,1,0
RGT67_20250327,RGT67,112,1.3,1,2,1,1,1
RGT67_20250327,RGT67,113,1.3,1,2,4,1,1
RGT67_20250327,RGT67,114,1.3,1,2,2,1,0
RGT67_20250327,RGT67,115,1.3,1,2,4,1,1
RGT67_20250327,RGT67,116,1.3,1,2,1,1,1
RGT67_20250327,RGT67,117,1.3,1,2,4,1,1
RGT67_20250327,RGT67,118,1.3,1,2,2,1,0
RGT67_20250327,RGT67,119,1.3,1,2,2,1,0
RGT67_20250327,RGT67,120,1.3,1,2,2,1,0
RGT67_20250327,RGT67,121,1.3,1,2,2,1,0
RGT67_20250327,RGT67,122,1.3,1,2,2,1,0
RGT67_20250327,RGT67,123,1.3,1,2,2,1,0
RGT67_20250327,RGT67,124,1.3,1,2,2,1,0
RGT67_20250327,RGT67,125,1.3,1,2,2,1,0
RGT67_20250327,RGT67,126,1.3,1,2,1,1,1
RGT67_20250327,RGT67,127,1.3,1,2,5,1,0
RGT67_20250327,RGT67,128,1.3,1,2,4,1,1
RGT67_20250327,RGT67,129,1.3,1,2,1,1,1
RGT67_20250327,RGT67,130,1.3,1,2,2,1,0
RGT67_20250327,RGT67,131,1.3,1,2,2,1,0
RGT67_20250327,RGT67,132,1.3,1,2,5,1,0
RGT67_20250327,RGT67,133,1.3,1,2,1,1,1
RGT67_20250327,RGT67,134,1.3,1,2,1,1,1
RGT67_20250327,RGT67,135,1.3,1,2,1,1,1
RGT67_20250327,RGT67,136,1.3,1,2,4,1,1
RGT67_20250327,RGT67,137,1.3,1,2,2,1,0
RGT67_20250327,RGT67,138,1.3,1,2,5,1,0
RGT67_20250327,RGT67,139,1.3,1,2,5,1,0
RGT67_20250327,RGT67,140,1.3,1,2,5,1,0
RGT67_20250327,RGT67,141,1.3,1,2,4,1,1
RGT67_20250327,RGT67,142,1.3,1,2,1,1,1
RGT67_20250327,RGT67,143,1.3,1,2,1,1,1
RGT67_20250327,RGT67,144,1.3,1,2,4,1,1
RGT67_20250327,RGT67,145,1.3,1,2,5,1,0
RGT67_20250327,RGT67,146,1.3,1,2,1,1,1
RGT67_20250327,RGT67,147,1.3,1,2,4,1,1
RGT67_20250327,RGT67,148,1.3,1,2,4,1,1
RGT67_20250327,RGT67,149,1.3,1,2,5,1,0
RGT67_20250327,RGT67,150,1.3,1,2,2,1,0
RGT67_20250327,RGT67,151,1.3,1,2,4,1,1
RGT67_20250327,RGT67,152,1.3,1,2,4,1,1
RGT67_20250327,RGT67,153,1.3,1,2,4,1,1
RGT67_20250327,RGT67,154,1.3,1,2,2,1,0
RGT67_20250327,RGT67,155,1.3,1,2,2,1,0
RGT67_20250327,RGT67,156,1.3,1,2,3,0,0
RGT67_20250327,RGT67,157,1.3,1,2,2,1,0
RGT67_20250327,RGT67,158,1.3,1,2,2,1,0
RGT67_20250327,RGT67,159,1.3,1,2,2,1,0
RGT67_20250327,RGT67,160,1.3,1,2,1,1,1
RGT67_20250327,RGT67,161,1.3,1,2,5,1,0
RGT67_20250327,RGT67,162,1.3,1,2,4,1,1
RGT67_20250327,RGT67,163,1.3,1,2,4,1,1
RGT67_20250327,RGT67,164,1.3,1,2,2,1,0
RGT67_20250327,RGT67,165,1.3,1,2,5,1,0
RGT67_20250327,RGT67,166,1.3,1,2,4,1,1
RGT67_20250327,RGT67,167,1.3,1,2,1,1,1
RGT67_20250327,RGT67,168,1.3,1,2,2,1,0
RGT67_20250327,RGT67,169,1.3,1,2,2,1,0
RGT67_20250327,RGT67,170,1.3,1,2,5,1,0
RGT67_20250327,RGT67,171,1.3,1,2,1,1,1
RGT67_20250327,RGT67,172,1.3,1,2,4,1,1
RGT67_20250327,RGT67,173,1.3,1,2,4,1,1
RGT67_20250327,RGT67,174,1.3,1,2,4,1,1
RGT67_20250327,RGT67,175,1.3,1,2,2,1,0
RGT67_20250327,RGT67,176,1.3,1,2,2,1,0
RGT67_20250327,RGT67,177,1.3,1,2,4,1,1
RGT67_20250327,RGT67,178,1.3,1,2,1,1,1
RGT67_20250327,RGT67,179,1.3,1,2,4,1,1
RGT67_20250327,RGT67,180,1.3,1,2,2,1,0
RGT67_20250327,RGT67,181,1.3,1,2,4,1,1
RGT67_20250327,RGT67,182,1.3,1,2,4,1,1
RGT67_20250327,RGT67,183,1.3,1,2,2,1,0
RGT67_20250327,RGT67,184,1.3,1,2,2,1,0
RGT67_20250327,RGT67,185,1.3,1,2,2,1,0
RGT67_20250327,RGT67,186,1.3,1,2,1,1,1
RGT67_20250327,RGT67,187,1.3,1,2,4,1,1
RGT67_20250327,RGT67,188,1.3,1,2,2,1,0
RGT67_20250327,RGT67,189,1.3,1,2,1,1,1
RGT67_20250327,RGT67,190,1.3,1,2,1,1,1
RGT67_20250327,RGT67,191,1.3,1,2,4,1,1
RGT67_20250327,RGT67,192,1.3,1,2,2,1,0
RGT67_20250327,RGT67,193,1.3,1,2,2,1,0
RGT67_20250327,RGT67,194,1.3,1,2,4,1,1
RGT67_20250327,RGT67,195,1.3,1,2,2,1,0
RGT67_20250327,RGT67,196,1.3,1,2,2,1,0
RGT67_20250327,RGT67,197,1.3,1,2,2,1,0
RGT67_20250327,RGT67,198,1.3,1,2,1,1,1
RGT67_20250327,RGT67,199,1.3,1,2,4,1,1
RGT67_20250327,RGT67,200,1.3,1,2,2,1,0
RGT67_20250327,RGT67,201,1.3,1,2,1,1,1
RGT67_20250327,RGT67,202,1.3,1,2,2,1,0
RGT67_20250327,RGT67,203,1.3,1,2,4,1,1
RGT67_20250327,RGT67,204,1.3,1,2,1,1,1
RGT67_20250327,RGT67,205,1.3,1,2,4,1,1
RGT67_20250327,RGT67,206,1.3,1,2,1,1,1
RGT67_20250327,RGT67,207,1.3,1,2,4,1,1
RGT67_20250327,RGT67,208,1.3,1,2,4,1,1
RGT67_20250327,RGT67,209,1.3,1,2,2,1,0
RGT67_20250327,RGT67,210,1.3,1,2,1,1,1
RGT67_20250327,RGT67,211,1.3,1,2,2,1,0
RGT67_20250327,RGT67,212,1.3,1,2,4,1,1
RGT67_20250327,RGT67,213,1.3,1,2,1,1,1
RGT67_20250327,RGT67,214,1.3,1,2,1,1,1
RGT67_20250327,RGT67,215,1.3,1,2,4,1,1
RGT67_20250327,RGT67,216,1.3,1,2,4,1,1
RGT67_20250327,RGT67,217,1.3,1,2,1,1,1
RGT67_20250327,RGT67,218,1.3,1,2,1,1,1
RGT67_20250327,RGT67,219,1.3,1,2,1,1,1
RGT67_20250327,RGT67,220,1.3,1,2,4,1,1
RGT67_20250327,RGT67,221,1.3,1,2,1,1,1
RGT67_20250327,RGT67,222,1.3,1,2,4,1,1
RGT67_20250327,RGT67,223,1.3,1,2,2,1,0
RGT67_20250327,RGT67,224,1.3,1,2,1,1,1
RGT67_20250327,RGT67,225,1.3,1,2,5,1,0
RGT67_20250327,RGT67,226,1.3,1,2,4,1,1
RGT67_20250327,RGT67,227,1.3,1,2,5,1,0
RGT67_20250327,RGT67,228,1.3,1,2,2,1,0
RGT67_20250327,RGT67,229,1.3,1,2,3,0,0
RGT67_20250327,RGT67,230,1.3,1,2,4,1,1
RGT67_20250327,RGT67,231,1.3,1,2,2,1,0
RGT67_20250327,RGT67,232,1.3,1,2,1,1,1
RGT67_20250327,RGT67,233,1.3,1,2,4,1,1
RGT67_20250327,RGT67,234,1.3,1,2,4,1,1
RGT67_20250327,RGT67,235,1.3,1,2,6,0,0
RGT67_20250327,RGT67,236,1.3,1,2,2,1,0
RGT67_20250327,RGT67,237,1.3,1,2,3,0,0
RGT67_20250327,RGT67,238,1.3,1,2,1,1,1
RGT67_20250327,RGT67,239,1.3,1,2,5,1,0
RGT67_20250327,RGT67,240,1.3,1,2,1,1,1
RGT67_20250327,RGT67,241,1.3,1,2,5,1,0
RGT67_20250327,RGT67,242,1.3,1,2,4,1,1
RGT67_20250327,RGT67,243,1.3,1,2,4,1,1
RGT67_20250327,RGT67,244,1.3,1,2,2,1,0
RGT67_20250327,RGT67,245,1.3,1,2,2,1,0
RGT67_20250327,RGT67,246,1.3,1,2,2,1,0
RGT67_20250327,RGT67,247,1.3,1,2,1,1,1
RGT67_20250327,RGT67,248,1.3,1,2,2,1,0
RGT67_20250327,RGT67,249,1.3,1,2,1,1,1
RGT67_20250327,RGT67,250,1.3,1,2,4,1,1
RGT67_20250327,RGT67,251,1.3,1,2,5,1,0
RGT67_20250327,RGT67,252,1.3,1,2,6,0,0
RGT67_20250327,RGT67,253,1.3,1,2,5,1,0
RGT67_20250327,RGT67,254,1.3,1,2,5,1,0
RGT67_20250327,RGT67,255,1.3,1,2,5,1,0
RGT67_20250327,RGT67,256,1.3,1,2,5,1,0
RGT67_20250327,RGT67,257,1.3,1,2,4,1,1
RGT67_20250327,RGT67,258,1.3,1,2,6,0,0
RGT67_20250327,RGT67,259,1.3,1,2,5,1,0
RGT67_20250327,RGT67,260,1.3,1,2,2,1,0
RGT67_20250327,RGT67,261,1.3,1,2,3,0,0
RGT67_20250327,RGT67,262,1.3,1,2,3,0,0
RGT67_20250327,RGT67,263,1.3,1,2,3,0,0
RGT67_20250327,RGT67,264,1.3,1,2,3,0,0
RGT67_20250327,RGT67,265,1.3,1,2,3,0,0
RGT67_20250327,RGT67,266,1.3,1,2,2,1,0
RGT67_20250327,RGT67,267,1.3,1,2,3,0,0
